Day,TotalMinutesWearTime,PercentageWearTime
7/30/2019,0,0
7/31/2019,0,0
8/1/2019,0,0
8/2/2019,0,0
8/3/2019,0,0
8/4/2019,0,0
8/5/2019,0,0
8/6/2019,0,0
8/7/2019,0,0
8/8/2019,0,0
8/9/2019,0,0
8/10/2019,0,0
8/11/2019,0,0
8/12/2019,0,0
8/13/2019,0,0
8/14/2019,0,0
8/15/2019,0,0
8/16/2019,0,0
8/17/2019,0,0
8/18/2019,0,0
8/19/2019,0,0
8/20/2019,0,0
8/21/2019,0,0
8/22/2019,0,0
8/23/2019,0,0
8/24/2019,0,0
8/25/2019,0,0
8/26/2019,0,0
8/27/2019,0,0
8/28/2019,0,0
8/29/2019,0,0
8/30/2019,0,0
8/31/2019,0,0
9/1/2019,0,0
9/2/2019,0,0
9/3/2019,0,0
9/4/2019,0,0
9/5/2019,0,0
9/6/2019,0,0
9/7/2019,0,0
9/8/2019,0,0
9/9/2019,0,0
9/10/2019,0,0
9/11/2019,0,0
9/12/2019,0,0
9/13/2019,0,0
9/14/2019,0,0
9/15/2019,0,0
9/16/2019,0,0
9/17/2019,0,0
9/18/2019,0,0
9/19/2019,0,0
9/20/2019,0,0
9/21/2019,0,0
9/22/2019,0,0
9/23/2019,0,0
9/24/2019,0,0
9/25/2019,0,0
9/26/2019,0,0
9/27/2019,0,0
9/28/2019,0,0
9/29/2019,0,0
9/30/2019,0,0
10/1/2019,0,0
10/2/2019,0,0
10/3/2019,0,0
10/4/2019,0,0
10/5/2019,0,0
10/6/2019,0,0
10/7/2019,0,0
10/8/2019,0,0
10/9/2019,0,0
10/10/2019,0,0
10/11/2019,0,0
10/12/2019,0,0
10/13/2019,0,0
10/14/2019,0,0
10/15/2019,0,0
10/16/2019,0,0
10/17/2019,0,0
10/18/2019,0,0
10/19/2019,0,0
10/20/2019,0,0
10/21/2019,0,0
10/22/2019,0,0
10/23/2019,0,0
10/24/2019,0,0
10/25/2019,0,0
10/26/2019,0,0
10/27/2019,0,0
10/28/2019,0,0
10/29/2019,0,0
10/30/2019,0,0
10/31/2019,0,0
11/1/2019,0,0
11/2/2019,0,0
11/3/2019,0,0
11/4/2019,0,0
11/5/2019,0,0
11/6/2019,0,0
11/7/2019,0,0
11/8/2019,0,0
11/9/2019,0,0
11/10/2019,0,0
11/11/2019,0,0
11/12/2019,0,0
11/13/2019,0,0
11/14/2019,0,0
11/15/2019,0,0
11/16/2019,0,0
11/17/2019,0,0
11/18/2019,0,0
11/19/2019,0,0
11/20/2019,0,0
11/21/2019,0,0
11/22/2019,0,0
11/23/2019,0,0
11/24/2019,0,0
11/25/2019,0,0
11/26/2019,0,0
11/27/2019,0,0
11/28/2019,0,0
11/29/2019,0,0
11/30/2019,0,0
12/1/2019,0,0
12/2/2019,0,0
12/3/2019,0,0
12/4/2019,0,0
12/5/2019,0,0
12/6/2019,0,0
12/7/2019,0,0
12/8/2019,0,0
12/9/2019,0,0
12/10/2019,0,0
12/11/2019,0,0
12/12/2019,0,0
12/13/2019,0,0
12/14/2019,0,0
12/15/2019,0,0
12/16/2019,0,0
12/17/2019,0,0
12/18/2019,0,0
12/19/2019,0,0
12/20/2019,0,0
12/21/2019,0,0
12/22/2019,0,0
12/23/2019,0,0
12/24/2019,0,0
12/25/2019,0,0
12/26/2019,0,0
12/27/2019,0,0
12/28/2019,0,0
12/29/2019,0,0
12/30/2019,0,0
12/31/2019,0,0
1/1/2020,0,0
1/2/2020,0,0
1/3/2020,0,0
1/4/2020,0,0
1/5/2020,0,0
1/6/2020,0,0
1/7/2020,0,0
1/8/2020,0,0
1/9/2020,0,0
1/10/2020,0,0
1/11/2020,0,0
1/12/2020,0,0
1/13/2020,0,0
1/14/2020,0,0
1/15/2020,0,0
1/16/2020,0,0
1/17/2020,0,0
1/18/2020,0,0
1/19/2020,0,0
1/20/2020,0,0
1/21/2020,0,0
1/22/2020,0,0
1/23/2020,0,0
1/24/2020,0,0
1/25/2020,0,0
1/26/2020,0,0
1/27/2020,0,0
1/28/2020,0,0
1/29/2020,0,0
1/30/2020,0,0
1/31/2020,0,0
2/1/2020,0,0
2/2/2020,0,0
2/3/2020,0,0
2/4/2020,0,0
2/5/2020,0,0
2/6/2020,0,0
2/7/2020,0,0
2/8/2020,0,0
2/9/2020,0,0
2/10/2020,0,0
2/11/2020,0,0
2/12/2020,0,0
2/13/2020,0,0
2/14/2020,0,0
2/15/2020,0,0
2/16/2020,0,0
2/17/2020,0,0
2/18/2020,0,0
2/19/2020,0,0
2/20/2020,0,0
2/21/2020,0,0
2/22/2020,0,0
2/23/2020,0,0
2/24/2020,0,0
2/25/2020,0,0
2/26/2020,0,0
2/27/2020,0,0
2/28/2020,0,0
2/29/2020,0,0
3/1/2020,0,0
3/2/2020,0,0
3/3/2020,0,0
3/4/2020,0,0
3/5/2020,0,0
3/6/2020,0,0
3/7/2020,0,0
3/8/2020,0,0
3/9/2020,0,0
3/10/2020,0,0
3/11/2020,0,0
3/12/2020,0,0
3/13/2020,0,0
3/14/2020,0,0
3/15/2020,0,0
3/16/2020,0,0
3/17/2020,0,0
3/18/2020,0,0
3/19/2020,0,0
3/20/2020,0,0
3/21/2020,0,0
3/22/2020,0,0
3/23/2020,0,0
3/24/2020,0,0
3/25/2020,0,0
3/26/2020,0,0
3/27/2020,0,0
3/28/2020,0,0
3/29/2020,0,0
3/30/2020,0,0
3/31/2020,0,0
4/1/2020,0,0
4/2/2020,0,0
4/3/2020,0,0
4/4/2020,0,0
4/5/2020,0,0
4/6/2020,0,0
4/7/2020,0,0
4/8/2020,0,0
4/9/2020,0,0
4/10/2020,0,0
4/11/2020,0,0
4/12/2020,0,0
4/13/2020,0,0
4/14/2020,0,0
4/15/2020,0,0
4/16/2020,0,0
4/17/2020,0,0
4/18/2020,0,0
4/19/2020,0,0
4/20/2020,0,0
4/21/2020,0,0
4/22/2020,0,0
4/23/2020,0,0
4/24/2020,0,0
4/25/2020,0,0
4/26/2020,0,0
4/27/2020,0,0
4/28/2020,0,0
4/29/2020,0,0
4/30/2020,0,0
5/1/2020,0,0
5/2/2020,0,0
5/3/2020,0,0
5/4/2020,0,0
5/5/2020,0,0
5/6/2020,0,0
5/7/2020,0,0
5/8/2020,0,0
5/9/2020,0,0
5/10/2020,0,0
5/11/2020,0,0
5/12/2020,0,0
5/13/2020,0,0
5/14/2020,0,0
5/15/2020,0,0
5/16/2020,0,0
5/17/2020,0,0
5/18/2020,0,0
5/19/2020,0,0
5/20/2020,0,0
5/21/2020,0,0
5/22/2020,0,0
5/23/2020,0,0
5/24/2020,0,0
5/25/2020,0,0
5/26/2020,0,0
5/27/2020,0,0
5/28/2020,0,0
5/29/2020,0,0
5/30/2020,0,0
5/31/2020,0,0
6/1/2020,0,0
6/2/2020,0,0
6/3/2020,0,0
6/4/2020,0,0
6/5/2020,0,0
6/6/2020,0,0
6/7/2020,0,0
6/8/2020,0,0
6/9/2020,0,0
6/10/2020,0,0
6/11/2020,0,0
6/12/2020,0,0
6/13/2020,0,0
6/14/2020,0,0
6/15/2020,0,0
6/16/2020,0,0
6/17/2020,0,0
6/18/2020,0,0
6/19/2020,0,0
6/20/2020,0,0
6/21/2020,0,0
6/22/2020,0,0
6/23/2020,0,0
6/24/2020,0,0
6/25/2020,0,0
6/26/2020,0,0
6/27/2020,0,0
6/28/2020,0,0
6/29/2020,0,0
6/30/2020,0,0
7/1/2020,0,0
7/2/2020,0,0
7/3/2020,0,0
7/4/2020,0,0
7/5/2020,0,0
7/6/2020,0,0
7/7/2020,0,0
7/8/2020,0,0
7/9/2020,0,0
7/10/2020,0,0
7/11/2020,0,0
7/12/2020,0,0
7/13/2020,0,0
7/14/2020,0,0
7/15/2020,0,0
7/16/2020,0,0
7/17/2020,0,0
7/18/2020,0,0
7/19/2020,0,0
7/20/2020,0,0
7/21/2020,0,0
7/22/2020,0,0
7/23/2020,0,0
7/24/2020,0,0
7/25/2020,0,0
7/26/2020,0,0
7/27/2020,0,0
7/28/2020,0,0
7/29/2020,0,0
7/30/2020,0,0
7/31/2020,0,0
8/1/2020,0,0
8/2/2020,0,0
8/3/2020,0,0
8/4/2020,0,0
8/5/2020,0,0
8/6/2020,0,0
8/7/2020,0,0
8/8/2020,0,0
8/9/2020,0,0
8/10/2020,0,0
8/11/2020,0,0
8/12/2020,0,0
8/13/2020,0,0
8/14/2020,0,0
8/15/2020,0,0
8/16/2020,0,0
8/17/2020,0,0
8/18/2020,0,0
8/19/2020,0,0
8/20/2020,0,0
8/21/2020,0,0
8/22/2020,0,0
8/23/2020,0,0
8/24/2020,0,0
8/25/2020,0,0
8/26/2020,0,0
8/27/2020,0,0
8/28/2020,0,0
8/29/2020,0,0
8/30/2020,0,0
8/31/2020,0,0
9/1/2020,0,0
9/2/2020,0,0
9/3/2020,0,0
9/4/2020,0,0
9/5/2020,0,0
9/6/2020,0,0
9/7/2020,0,0
9/8/2020,0,0
9/9/2020,0,0
9/10/2020,0,0
9/11/2020,0,0
9/12/2020,0,0
9/13/2020,0,0
9/14/2020,0,0
9/15/2020,0,0
9/16/2020,0,0
9/17/2020,0,0
9/18/2020,0,0
9/19/2020,0,0
9/20/2020,0,0
9/21/2020,0,0
9/22/2020,0,0
9/23/2020,0,0
9/24/2020,0,0
9/25/2020,0,0
9/26/2020,0,0
9/27/2020,0,0
9/28/2020,0,0
9/29/2020,0,0
9/30/2020,0,0
10/1/2020,0,0
10/2/2020,0,0
10/3/2020,0,0
10/4/2020,0,0
10/5/2020,0,0
10/6/2020,0,0
10/7/2020,0,0
10/8/2020,0,0
10/9/2020,0,0
10/10/2020,0,0
10/11/2020,0,0
10/12/2020,0,0
10/13/2020,0,0
10/14/2020,0,0
10/15/2020,0,0
10/16/2020,0,0
10/17/2020,0,0
10/18/2020,0,0
10/19/2020,0,0
10/20/2020,0,0
10/21/2020,0,0
10/22/2020,0,0
10/23/2020,0,0
10/24/2020,0,0
10/25/2020,0,0
10/26/2020,0,0
10/27/2020,0,0
10/28/2020,0,0
10/29/2020,0,0
10/30/2020,0,0
10/31/2020,0,0
11/1/2020,0,0
11/2/2020,0,0
11/3/2020,0,0
11/4/2020,0,0
11/5/2020,0,0
11/6/2020,0,0
11/7/2020,0,0
11/8/2020,0,0
11/9/2020,0,0
11/10/2020,0,0
11/11/2020,0,0
11/12/2020,0,0
11/13/2020,0,0
11/14/2020,0,0
11/15/2020,0,0
11/16/2020,0,0
11/17/2020,0,0
11/18/2020,0,0
11/19/2020,0,0
11/20/2020,0,0
11/21/2020,0,0
11/22/2020,0,0
11/23/2020,0,0
11/24/2020,0,0
11/25/2020,0,0
11/26/2020,0,0
11/27/2020,0,0
11/28/2020,0,0
11/29/2020,0,0
11/30/2020,0,0
12/1/2020,0,0
12/2/2020,0,0
12/3/2020,0,0
12/4/2020,0,0
12/5/2020,0,0
12/6/2020,0,0
12/7/2020,0,0
12/8/2020,0,0
12/9/2020,0,0
12/10/2020,0,0
12/11/2020,0,0
12/12/2020,0,0
12/13/2020,0,0
12/14/2020,0,0
12/15/2020,0,0
12/16/2020,0,0
12/17/2020,0,0
12/18/2020,0,0
12/19/2020,0,0
12/20/2020,0,0
12/21/2020,0,0
12/22/2020,0,0
12/23/2020,0,0
12/24/2020,0,0
12/25/2020,0,0
12/26/2020,0,0
12/27/2020,0,0
12/28/2020,0,0
12/29/2020,0,0
12/30/2020,0,0
12/31/2020,0,0
1/1/2021,0,0
1/2/2021,0,0
1/3/2021,0,0
1/4/2021,0,0
1/5/2021,0,0
1/6/2021,0,0
1/7/2021,0,0
1/8/2021,0,0
1/9/2021,0,0
1/10/2021,0,0
1/11/2021,0,0
1/12/2021,0,0
1/13/2021,0,0
1/14/2021,0,0
1/15/2021,0,0
1/16/2021,0,0
1/17/2021,0,0
1/18/2021,0,0
1/19/2021,0,0
1/20/2021,0,0
1/21/2021,0,0
1/22/2021,0,0
1/23/2021,0,0
1/24/2021,0,0
1/25/2021,0,0
1/26/2021,0,0
1/27/2021,0,0
1/28/2021,0,0
1/29/2021,0,0
1/30/2021,0,0
1/31/2021,0,0
2/1/2021,0,0
2/2/2021,0,0
2/3/2021,0,0
2/4/2021,0,0
2/5/2021,0,0
2/6/2021,0,0
2/7/2021,0,0
2/8/2021,0,0
2/9/2021,0,0
2/10/2021,0,0
2/11/2021,0,0
2/12/2021,0,0
2/13/2021,0,0
2/14/2021,0,0
2/15/2021,0,0
2/16/2021,0,0
2/17/2021,0,0
2/18/2021,0,0
2/19/2021,0,0
2/20/2021,0,0
2/21/2021,0,0
2/22/2021,0,0
2/23/2021,0,0
2/24/2021,0,0
2/25/2021,0,0
2/26/2021,0,0
2/27/2021,0,0
2/28/2021,0,0
3/1/2021,0,0
3/2/2021,0,0
3/3/2021,0,0
3/4/2021,0,0
3/5/2021,0,0
3/6/2021,0,0
3/7/2021,0,0
3/8/2021,0,0
3/9/2021,0,0
3/10/2021,0,0
3/11/2021,0,0
3/12/2021,0,0
3/13/2021,0,0
3/14/2021,0,0
3/15/2021,0,0
3/16/2021,0,0
3/17/2021,0,0
3/18/2021,0,0
3/19/2021,0,0
3/20/2021,0,0
3/21/2021,0,0
3/22/2021,0,0
3/23/2021,0,0
3/24/2021,0,0
3/25/2021,0,0
3/26/2021,0,0
3/27/2021,0,0
3/28/2021,0,0
3/29/2021,0,0
3/30/2021,0,0
3/31/2021,0,0
4/1/2021,0,0
4/2/2021,0,0
4/3/2021,0,0
4/4/2021,0,0
4/5/2021,0,0
4/6/2021,0,0
4/7/2021,0,0
4/8/2021,0,0
4/9/2021,0,0
4/10/2021,0,0
4/11/2021,0,0
4/12/2021,0,0
4/13/2021,0,0
4/14/2021,0,0
4/15/2021,0,0
4/16/2021,0,0
4/17/2021,0,0
4/18/2021,0,0
4/19/2021,0,0
4/20/2021,0,0
4/21/2021,0,0
4/22/2021,0,0
4/23/2021,0,0
4/24/2021,0,0
4/25/2021,0,0
4/26/2021,0,0
4/27/2021,0,0
4/28/2021,0,0
4/29/2021,0,0
4/30/2021,0,0
5/1/2021,0,0
5/2/2021,0,0
5/3/2021,0,0
5/4/2021,0,0
5/5/2021,0,0
5/6/2021,0,0
5/7/2021,0,0
5/8/2021,0,0
5/9/2021,0,0
5/10/2021,0,0
5/11/2021,0,0
5/12/2021,0,0
5/13/2021,0,0
5/14/2021,0,0
5/15/2021,0,0
5/16/2021,0,0
5/17/2021,0,0
5/18/2021,0,0
5/19/2021,0,0
5/20/2021,0,0
5/21/2021,0,0
5/22/2021,0,0
5/23/2021,0,0
5/24/2021,0,0
5/25/2021,0,0
5/26/2021,0,0
5/27/2021,0,0
5/28/2021,0,0
5/29/2021,0,0
5/30/2021,0,0
5/31/2021,0,0
6/1/2021,0,0
6/2/2021,0,0
6/3/2021,0,0
6/4/2021,0,0
6/5/2021,0,0
6/6/2021,0,0
6/7/2021,0,0
6/8/2021,0,0
6/9/2021,0,0
6/10/2021,0,0
6/11/2021,0,0
6/12/2021,0,0
6/13/2021,0,0
6/14/2021,0,0
6/15/2021,0,0
6/16/2021,0,0
6/17/2021,0,0
6/18/2021,0,0
6/19/2021,0,0
6/20/2021,0,0
6/21/2021,0,0
6/22/2021,0,0
6/23/2021,0,0
6/24/2021,0,0
6/25/2021,0,0
6/26/2021,0,0
6/27/2021,0,0
6/28/2021,0,0
6/29/2021,0,0
6/30/2021,0,0
7/1/2021,0,0
7/2/2021,0,0
7/3/2021,0,0
7/4/2021,0,0
7/5/2021,0,0
7/6/2021,0,0
7/7/2021,0,0
7/8/2021,0,0
7/9/2021,0,0
7/10/2021,0,0
7/11/2021,0,0
7/12/2021,0,0
7/13/2021,0,0
7/14/2021,0,0
7/15/2021,0,0
7/16/2021,0,0
7/17/2021,0,0
7/18/2021,0,0
7/19/2021,0,0
7/20/2021,0,0
7/21/2021,0,0
7/22/2021,0,0
7/23/2021,0,0
7/24/2021,0,0
7/25/2021,0,0
7/26/2021,0,0
7/27/2021,0,0
7/28/2021,0,0
7/29/2021,0,0
7/30/2021,0,0
7/31/2021,0,0
8/1/2021,0,0
8/2/2021,0,0
8/3/2021,0,0
8/4/2021,0,0
8/5/2021,0,0
8/6/2021,0,0
8/7/2021,0,0
8/8/2021,0,0
8/9/2021,0,0
8/10/2021,0,0
8/11/2021,0,0
8/12/2021,0,0
8/13/2021,0,0
8/14/2021,0,0
8/15/2021,0,0
8/16/2021,0,0
8/17/2021,0,0
8/18/2021,0,0
8/19/2021,0,0
8/20/2021,0,0
8/21/2021,0,0
8/22/2021,0,0
8/23/2021,0,0
8/24/2021,0,0
8/25/2021,0,0
8/26/2021,0,0
8/27/2021,0,0
8/28/2021,0,0
8/29/2021,0,0
8/30/2021,0,0
8/31/2021,0,0
9/1/2021,0,0
9/2/2021,0,0
9/3/2021,0,0
9/4/2021,0,0
9/5/2021,0,0
9/6/2021,0,0
9/7/2021,0,0
9/8/2021,0,0
9/9/2021,0,0
9/10/2021,0,0
9/11/2021,0,0
9/12/2021,0,0
9/13/2021,0,0
9/14/2021,0,0
9/15/2021,0,0
9/16/2021,0,0
9/17/2021,0,0
9/18/2021,0,0
9/19/2021,0,0
9/20/2021,0,0
9/21/2021,0,0
9/22/2021,0,0
9/23/2021,0,0
9/24/2021,0,0
9/25/2021,0,0
9/26/2021,0,0
9/27/2021,0,0
9/28/2021,0,0
9/29/2021,0,0
9/30/2021,0,0
10/1/2021,0,0
10/2/2021,0,0
10/3/2021,0,0
10/4/2021,0,0
10/5/2021,0,0
10/6/2021,0,0
10/7/2021,0,0
10/8/2021,0,0
10/9/2021,0,0
10/10/2021,0,0
10/11/2021,0,0
10/12/2021,0,0
10/13/2021,0,0
10/14/2021,0,0
10/15/2021,0,0
10/16/2021,0,0
10/17/2021,0,0
10/18/2021,0,0
10/19/2021,0,0
10/20/2021,0,0
10/21/2021,0,0
10/22/2021,0,0
10/23/2021,0,0
10/24/2021,0,0
10/25/2021,0,0
10/26/2021,0,0
10/27/2021,0,0
10/28/2021,0,0
10/29/2021,0,0
10/30/2021,0,0
10/31/2021,0,0
11/1/2021,0,0
11/2/2021,0,0
11/3/2021,0,0
11/4/2021,0,0
11/5/2021,0,0
11/6/2021,0,0
11/7/2021,0,0
11/8/2021,0,0
11/9/2021,0,0
11/10/2021,0,0
11/11/2021,0,0
11/12/2021,0,0
11/13/2021,0,0
11/14/2021,0,0
11/15/2021,0,0
11/16/2021,0,0
11/17/2021,0,0
11/18/2021,0,0
11/19/2021,0,0
11/20/2021,0,0
11/21/2021,0,0
11/22/2021,0,0
11/23/2021,0,0
11/24/2021,0,0
11/25/2021,0,0
11/26/2021,734,50.97222222222222
11/27/2021,686,47.638888888888886
11/28/2021,780,54.166666666666664
11/29/2021,443,30.76388888888889
11/30/2021,669,46.458333333333336
12/1/2021,50,3.4722222222222223
12/2/2021,271,18.819444444444443
12/3/2021,668,46.38888888888889
12/4/2021,801,55.625
12/5/2021,591,41.041666666666664
12/6/2021,525,36.45833333333333
12/7/2021,525,36.45833333333333
12/8/2021,0,0
12/9/2021,0,0
12/10/2021,0,0
12/11/2021,0,0
12/12/2021,0,0
12/13/2021,0,0
12/14/2021,0,0
12/15/2021,0,0
12/16/2021,0,0
12/17/2021,0,0
12/18/2021,0,0
12/19/2021,0,0
12/20/2021,235,16.319444444444446
12/21/2021,22,1.5277777777777777
12/22/2021,627,43.541666666666664
12/23/2021,97,6.736111111111111
12/24/2021,566,39.30555555555556
12/25/2021,177,12.291666666666666
12/26/2021,655,45.48611111111111
12/27/2021,611,42.43055555555556
12/28/2021,394,27.361111111111114
12/29/2021,663,46.041666666666664
12/30/2021,337,23.40277777777778
12/31/2021,255,17.708333333333336
1/1/2022,471,32.708333333333336
1/2/2022,922,64.02777777777777
1/3/2022,531,36.875
1/4/2022,6,0.4166666666666667
1/5/2022,457,31.73611111111111
1/6/2022,552,38.333333333333336
1/7/2022,546,37.916666666666664
1/8/2022,634,44.02777777777778
1/9/2022,745,51.736111111111114
1/10/2022,344,23.88888888888889
1/11/2022,410,28.47222222222222
1/12/2022,0,0
1/13/2022,570,39.58333333333333
1/14/2022,75,5.208333333333334
1/15/2022,0,0
1/16/2022,7,0.4861111111111111
1/17/2022,6,0.4166666666666667
1/18/2022,380,26.38888888888889
1/19/2022,0,0
1/20/2022,287,19.930555555555557
1/21/2022,584,40.55555555555556
1/22/2022,0,0
1/23/2022,195,13.541666666666666
1/24/2022,0,0
1/25/2022,0,0
1/26/2022,363,25.208333333333332
1/27/2022,0,0
1/28/2022,714,49.583333333333336
1/29/2022,1006,69.86111111111111
1/30/2022,988,68.61111111111111
1/31/2022,890,61.80555555555556
2/1/2022,614,42.638888888888886
2/2/2022,0,0
2/3/2022,572,39.72222222222222
2/4/2022,540,37.5
2/5/2022,693,48.125
2/6/2022,790,54.861111111111114
2/7/2022,17,1.1805555555555556
2/8/2022,274,19.02777777777778
2/9/2022,0,0
2/10/2022,19,1.3194444444444444
2/11/2022,0,0
2/12/2022,0,0
2/13/2022,257,17.84722222222222
2/14/2022,0,0
2/15/2022,0,0
2/16/2022,0,0
2/17/2022,0,0
2/18/2022,0,0
2/19/2022,0,0
2/20/2022,0,0
2/21/2022,0,0
2/22/2022,0,0
2/23/2022,0,0
2/24/2022,0,0
2/25/2022,0,0
2/26/2022,0,0
2/27/2022,0,0
2/28/2022,0,0
3/1/2022,0,0
3/2/2022,0,0
3/3/2022,0,0
3/4/2022,0,0
3/5/2022,0,0
3/6/2022,0,0
3/7/2022,0,0
3/8/2022,0,0
3/9/2022,0,0
3/10/2022,0,0
3/11/2022,0,0
3/12/2022,0,0
3/13/2022,0,0
3/14/2022,0,0
3/15/2022,0,0
3/16/2022,0,0
3/17/2022,0,0
3/18/2022,0,0
3/19/2022,0,0
3/20/2022,0,0
3/21/2022,0,0
3/22/2022,0,0
3/23/2022,0,0
3/24/2022,0,0
3/25/2022,0,0
3/26/2022,0,0
3/27/2022,0,0
3/28/2022,0,0
3/29/2022,0,0
3/30/2022,0,0
3/31/2022,0,0
4/1/2022,0,0
4/2/2022,0,0
4/3/2022,0,0
4/4/2022,0,0
4/5/2022,0,0
4/6/2022,0,0
4/7/2022,0,0
4/8/2022,0,0
4/9/2022,0,0
4/10/2022,0,0
4/11/2022,0,0
4/12/2022,0,0
4/13/2022,0,0
4/14/2022,0,0
4/15/2022,0,0
4/16/2022,0,0
4/17/2022,0,0
4/18/2022,0,0
4/19/2022,0,0
4/20/2022,0,0
4/21/2022,0,0
4/22/2022,0,0
4/23/2022,0,0
4/24/2022,0,0
4/25/2022,0,0
4/26/2022,0,0
4/27/2022,0,0
4/28/2022,0,0
4/29/2022,0,0
4/30/2022,0,0
5/1/2022,0,0
5/2/2022,0,0
5/3/2022,0,0
5/4/2022,0,0
5/5/2022,0,0
5/6/2022,0,0
5/7/2022,0,0
5/8/2022,0,0
5/9/2022,0,0
5/10/2022,0,0
5/11/2022,0,0
5/12/2022,0,0
5/13/2022,0,0
5/14/2022,0,0
5/15/2022,0,0
5/16/2022,0,0
5/17/2022,0,0
5/18/2022,0,0
5/19/2022,0,0
5/20/2022,0,0
5/21/2022,0,0
5/22/2022,0,0
5/23/2022,0,0
5/24/2022,0,0
5/25/2022,0,0
5/26/2022,0,0
5/27/2022,0,0
5/28/2022,0,0
5/29/2022,0,0
5/30/2022,0,0
5/31/2022,0,0
6/1/2022,0,0
6/2/2022,0,0
6/3/2022,0,0
6/4/2022,0,0
6/5/2022,0,0
6/6/2022,0,0
6/7/2022,0,0
6/8/2022,0,0
6/9/2022,0,0
6/10/2022,0,0
6/11/2022,0,0
6/12/2022,0,0
6/13/2022,0,0
6/14/2022,0,0
6/15/2022,0,0
6/16/2022,0,0
6/17/2022,0,0
6/18/2022,0,0
6/19/2022,0,0
6/20/2022,0,0
6/21/2022,0,0
6/22/2022,0,0
6/23/2022,0,0
6/24/2022,0,0
6/25/2022,0,0
6/26/2022,0,0
6/27/2022,0,0
6/28/2022,0,0
6/29/2022,0,0
6/30/2022,0,0
7/1/2022,0,0
7/2/2022,0,0
7/3/2022,0,0
7/4/2022,0,0
7/5/2022,0,0
7/6/2022,0,0
7/7/2022,0,0
7/8/2022,0,0
7/9/2022,0,0
7/10/2022,0,0
7/11/2022,0,0
7/12/2022,0,0
7/13/2022,0,0
7/14/2022,0,0
7/15/2022,0,0
7/16/2022,0,0
7/17/2022,0,0
7/18/2022,0,0
7/19/2022,0,0
7/20/2022,0,0
7/21/2022,0,0
7/22/2022,0,0
7/23/2022,0,0
7/24/2022,0,0
7/25/2022,0,0
7/26/2022,0,0
7/27/2022,0,0
7/28/2022,0,0
7/29/2022,0,0
7/30/2022,0,0
7/31/2022,0,0
8/1/2022,0,0
8/2/2022,0,0
8/3/2022,0,0
8/4/2022,0,0
8/5/2022,0,0
8/6/2022,0,0
8/7/2022,0,0
8/8/2022,0,0
8/9/2022,0,0
8/10/2022,0,0
8/11/2022,0,0
8/12/2022,0,0
8/13/2022,0,0
8/14/2022,0,0
8/15/2022,0,0
8/16/2022,0,0
8/17/2022,0,0
8/18/2022,0,0
8/19/2022,0,0
8/20/2022,0,0
8/21/2022,0,0
8/22/2022,0,0
8/23/2022,0,0
8/24/2022,0,0
8/25/2022,0,0
8/26/2022,0,0
8/27/2022,0,0
8/28/2022,0,0
8/29/2022,0,0
8/30/2022,0,0
8/31/2022,0,0
9/1/2022,0,0
9/2/2022,0,0
9/3/2022,0,0
9/4/2022,0,0
9/5/2022,0,0
9/6/2022,0,0
9/7/2022,0,0
9/8/2022,0,0
9/9/2022,0,0
9/10/2022,0,0
9/11/2022,0,0
9/12/2022,0,0
9/13/2022,0,0
9/14/2022,0,0
9/15/2022,0,0
9/16/2022,0,0
9/17/2022,0,0
9/18/2022,0,0
9/19/2022,0,0
9/20/2022,0,0
9/21/2022,0,0
9/22/2022,0,0
9/23/2022,0,0
9/24/2022,0,0
9/25/2022,0,0
9/26/2022,0,0
9/27/2022,0,0
9/28/2022,0,0
9/29/2022,0,0
9/30/2022,0,0
10/1/2022,0,0
10/2/2022,0,0
10/3/2022,0,0
10/4/2022,0,0
10/5/2022,0,0
10/6/2022,0,0
10/7/2022,0,0
10/8/2022,0,0
10/9/2022,0,0
10/10/2022,0,0
10/11/2022,0,0
10/12/2022,0,0
10/13/2022,0,0
10/14/2022,0,0
10/15/2022,0,0
10/16/2022,0,0
10/17/2022,0,0
10/18/2022,0,0
10/19/2022,0,0
10/20/2022,0,0
10/21/2022,0,0
10/22/2022,0,0
10/23/2022,0,0
10/24/2022,0,0
10/25/2022,0,0
10/26/2022,0,0
10/27/2022,0,0
10/28/2022,0,0
10/29/2022,0,0
10/30/2022,0,0
10/31/2022,0,0
11/1/2022,0,0
11/2/2022,0,0
11/3/2022,0,0
11/4/2022,0,0
11/5/2022,0,0
11/6/2022,0,0
11/7/2022,0,0
11/8/2022,0,0
11/9/2022,0,0
11/10/2022,0,0
11/11/2022,0,0
11/12/2022,0,0
11/13/2022,0,0
11/14/2022,0,0
11/15/2022,0,0
11/16/2022,0,0
11/17/2022,0,0
11/18/2022,0,0
11/19/2022,0,0
11/20/2022,0,0
11/21/2022,0,0
11/22/2022,0,0
11/23/2022,0,0
11/24/2022,0,0
11/25/2022,0,0
11/26/2022,0,0
11/27/2022,0,0
11/28/2022,0,0
11/29/2022,0,0
11/30/2022,0,0
12/1/2022,0,0
12/2/2022,0,0
12/3/2022,0,0
12/4/2022,0,0
12/5/2022,0,0
12/6/2022,0,0
12/7/2022,0,0
12/8/2022,0,0
12/9/2022,0,0
12/10/2022,0,0
12/11/2022,0,0
12/12/2022,0,0
12/13/2022,0,0
12/14/2022,0,0
12/15/2022,0,0
12/16/2022,0,0
12/17/2022,0,0
12/18/2022,0,0
12/19/2022,0,0
12/20/2022,0,0
12/21/2022,0,0
12/22/2022,0,0
12/23/2022,0,0
12/24/2022,0,0
12/25/2022,0,0
12/26/2022,0,0
12/27/2022,0,0
12/28/2022,0,0
12/29/2022,0,0
12/30/2022,0,0
12/31/2022,0,0
1/1/2023,0,0
1/2/2023,0,0
1/3/2023,0,0
1/4/2023,0,0
1/5/2023,0,0
1/6/2023,0,0
1/7/2023,0,0
1/8/2023,0,0
1/9/2023,0,0
1/10/2023,0,0
1/11/2023,0,0
1/12/2023,0,0
1/13/2023,0,0
1/14/2023,0,0
1/15/2023,0,0
1/16/2023,0,0
1/17/2023,0,0
1/18/2023,0,0
1/19/2023,0,0
1/20/2023,0,0
1/21/2023,0,0
1/22/2023,0,0
1/23/2023,0,0
1/24/2023,0,0
1/25/2023,0,0
1/26/2023,0,0
1/27/2023,0,0
1/28/2023,0,0
1/29/2023,0,0
1/30/2023,0,0
1/31/2023,0,0
2/1/2023,0,0
2/2/2023,0,0
2/3/2023,0,0
2/4/2023,0,0
2/5/2023,0,0
2/6/2023,0,0
2/7/2023,0,0
2/8/2023,0,0
2/9/2023,0,0
2/10/2023,0,0
2/11/2023,0,0
2/12/2023,0,0
2/13/2023,0,0
2/14/2023,0,0
2/15/2023,0,0
2/16/2023,0,0
2/17/2023,0,0
2/18/2023,0,0
2/19/2023,0,0
2/20/2023,0,0
2/21/2023,0,0
2/22/2023,0,0
2/23/2023,0,0
2/24/2023,0,0
2/25/2023,0,0
2/26/2023,0,0
2/27/2023,0,0
2/28/2023,0,0
3/1/2023,0,0
3/2/2023,0,0
3/3/2023,0,0
3/4/2023,0,0
3/5/2023,0,0
3/6/2023,0,0
3/7/2023,0,0
3/8/2023,0,0
3/9/2023,0,0
3/10/2023,0,0
3/11/2023,0,0
3/12/2023,0,0
3/13/2023,0,0
3/14/2023,0,0
3/15/2023,0,0
3/16/2023,0,0
3/17/2023,0,0
3/18/2023,0,0
3/19/2023,0,0
3/20/2023,0,0
3/21/2023,0,0
3/22/2023,0,0
3/23/2023,0,0
3/24/2023,0,0
3/25/2023,0,0
3/26/2023,0,0
3/27/2023,0,0
3/28/2023,0,0
3/29/2023,0,0
3/30/2023,0,0
3/31/2023,0,0
4/1/2023,0,0
4/2/2023,0,0
4/3/2023,0,0
4/4/2023,0,0
4/5/2023,0,0
4/6/2023,0,0
4/7/2023,0,0
4/8/2023,0,0
4/9/2023,0,0
4/10/2023,0,0
4/11/2023,0,0
4/12/2023,0,0
4/13/2023,0,0
4/14/2023,0,0
4/15/2023,0,0
4/16/2023,0,0
4/17/2023,0,0
4/18/2023,0,0
4/19/2023,0,0
4/20/2023,0,0
4/21/2023,0,0
4/22/2023,0,0
4/23/2023,0,0
4/24/2023,0,0
4/25/2023,0,0
4/26/2023,0,0
4/27/2023,0,0
4/28/2023,0,0
4/29/2023,0,0
4/30/2023,0,0
5/1/2023,0,0
5/2/2023,0,0
5/3/2023,0,0
5/4/2023,0,0
5/5/2023,0,0
5/6/2023,0,0
5/7/2023,0,0
5/8/2023,0,0
5/9/2023,0,0
5/10/2023,0,0
5/11/2023,0,0
5/12/2023,0,0
5/13/2023,0,0
5/14/2023,0,0
5/15/2023,0,0
5/16/2023,0,0
5/17/2023,0,0
5/18/2023,0,0
5/19/2023,0,0
5/20/2023,0,0
5/21/2023,0,0
5/22/2023,0,0
5/23/2023,0,0
5/24/2023,0,0
5/25/2023,0,0
5/26/2023,0,0
5/27/2023,0,0
5/28/2023,0,0
5/29/2023,0,0
5/30/2023,0,0
5/31/2023,0,0
6/1/2023,0,0
6/2/2023,0,0
6/3/2023,0,0
6/4/2023,0,0
6/5/2023,0,0
6/6/2023,0,0
6/7/2023,0,0
6/8/2023,0,0
6/9/2023,0,0
6/10/2023,0,0
6/11/2023,0,0
6/12/2023,0,0
6/13/2023,0,0
6/14/2023,0,0
6/15/2023,0,0
6/16/2023,0,0
6/17/2023,0,0
6/18/2023,0,0
6/19/2023,0,0
6/20/2023,0,0
6/21/2023,0,0
6/22/2023,0,0
6/23/2023,0,0
6/24/2023,0,0
6/25/2023,0,0
6/26/2023,0,0
6/27/2023,0,0
6/28/2023,0,0
6/29/2023,0,0
6/30/2023,0,0
7/1/2023,0,0
7/2/2023,0,0
7/3/2023,0,0
7/4/2023,0,0
7/5/2023,0,0
7/6/2023,0,0
7/7/2023,0,0
7/8/2023,0,0
7/9/2023,0,0
7/10/2023,0,0
7/11/2023,0,0
7/12/2023,0,0
7/13/2023,0,0
7/14/2023,0,0
7/15/2023,0,0
7/16/2023,0,0
7/17/2023,0,0
7/18/2023,0,0
7/19/2023,0,0
7/20/2023,0,0
7/21/2023,0,0
7/22/2023,0,0
7/23/2023,0,0
7/24/2023,0,0
7/25/2023,0,0
7/26/2023,0,0
7/27/2023,0,0
7/28/2023,0,0
7/29/2023,0,0
7/30/2023,0,0
7/31/2023,0,0
8/1/2023,0,0
8/2/2023,0,0
8/3/2023,0,0
8/4/2023,0,0
8/5/2023,0,0
8/6/2023,0,0
8/7/2023,0,0
8/8/2023,0,0
8/9/2023,0,0
8/10/2023,0,0
8/11/2023,0,0
8/12/2023,0,0
8/13/2023,0,0
8/14/2023,0,0
8/15/2023,0,0
8/16/2023,0,0
8/17/2023,0,0
8/18/2023,0,0
8/19/2023,0,0
8/20/2023,0,0
8/21/2023,0,0
8/22/2023,0,0
8/23/2023,0,0
8/24/2023,0,0
8/25/2023,0,0
8/26/2023,0,0
8/27/2023,0,0
8/28/2023,0,0
8/29/2023,0,0
8/30/2023,0,0
