ActivityHour,Calories
2/24/2022 12:00:00 AM,64
2/24/2022 1:00:00 AM,64
2/24/2022 2:00:00 AM,64
2/24/2022 3:00:00 AM,64
2/24/2022 4:00:00 AM,64
2/24/2022 5:00:00 AM,64
2/24/2022 6:00:00 AM,64
2/24/2022 7:00:00 AM,64
2/24/2022 8:00:00 AM,64
2/24/2022 9:00:00 AM,64
2/24/2022 10:00:00 AM,64
2/24/2022 11:00:00 AM,64
2/24/2022 12:00:00 PM,64
2/24/2022 1:00:00 PM,64
2/24/2022 2:00:00 PM,64
2/24/2022 3:00:00 PM,64
2/24/2022 4:00:00 PM,64
2/24/2022 5:00:00 PM,64
2/24/2022 6:00:00 PM,64
2/24/2022 7:00:00 PM,64
2/24/2022 8:00:00 PM,64
2/24/2022 9:00:00 PM,64
2/24/2022 10:00:00 PM,64
2/24/2022 11:00:00 PM,64
2/25/2022 12:00:00 AM,64
2/25/2022 1:00:00 AM,64
2/25/2022 2:00:00 AM,64
2/25/2022 3:00:00 AM,64
2/25/2022 4:00:00 AM,64
2/25/2022 5:00:00 AM,64
2/25/2022 6:00:00 AM,64
2/25/2022 7:00:00 AM,64
2/25/2022 8:00:00 AM,64
2/25/2022 9:00:00 AM,64
2/25/2022 10:00:00 AM,64
2/25/2022 11:00:00 AM,64
2/25/2022 12:00:00 PM,64
2/25/2022 1:00:00 PM,64
2/25/2022 2:00:00 PM,64
2/25/2022 3:00:00 PM,64
2/25/2022 4:00:00 PM,64
2/25/2022 5:00:00 PM,167
2/25/2022 6:00:00 PM,136
2/25/2022 7:00:00 PM,172
2/25/2022 8:00:00 PM,174
2/25/2022 9:00:00 PM,204
2/25/2022 10:00:00 PM,91
2/25/2022 11:00:00 PM,68
2/26/2022 12:00:00 AM,69
2/26/2022 1:00:00 AM,66
2/26/2022 2:00:00 AM,73
2/26/2022 3:00:00 AM,140
2/26/2022 4:00:00 AM,120
2/26/2022 5:00:00 AM,102
2/26/2022 6:00:00 AM,77
2/26/2022 7:00:00 AM,169
2/26/2022 8:00:00 AM,261
2/26/2022 9:00:00 AM,234
2/26/2022 10:00:00 AM,260
2/26/2022 11:00:00 AM,82
2/26/2022 12:00:00 PM,78
2/26/2022 1:00:00 PM,72
2/26/2022 2:00:00 PM,88
2/26/2022 3:00:00 PM,104
2/26/2022 4:00:00 PM,156
2/26/2022 5:00:00 PM,131
2/26/2022 6:00:00 PM,93
2/26/2022 7:00:00 PM,202
2/26/2022 8:00:00 PM,173
2/26/2022 9:00:00 PM,143
2/26/2022 10:00:00 PM,161
2/26/2022 11:00:00 PM,116
2/27/2022 12:00:00 AM,64
2/27/2022 1:00:00 AM,64
2/27/2022 2:00:00 AM,67
2/27/2022 3:00:00 AM,79
2/27/2022 4:00:00 AM,65
2/27/2022 5:00:00 AM,64
2/27/2022 6:00:00 AM,71
2/27/2022 7:00:00 AM,68
2/27/2022 8:00:00 AM,65
2/27/2022 9:00:00 AM,135
2/27/2022 10:00:00 AM,88
2/27/2022 11:00:00 AM,64
2/27/2022 12:00:00 PM,73
2/27/2022 1:00:00 PM,82
2/27/2022 2:00:00 PM,92
2/27/2022 3:00:00 PM,98
2/27/2022 4:00:00 PM,122
2/27/2022 5:00:00 PM,134
2/27/2022 6:00:00 PM,259
2/27/2022 7:00:00 PM,75
2/27/2022 8:00:00 PM,126
2/27/2022 9:00:00 PM,111
2/27/2022 10:00:00 PM,100
2/27/2022 11:00:00 PM,71
2/28/2022 12:00:00 AM,64
2/28/2022 1:00:00 AM,64
2/28/2022 2:00:00 AM,64
2/28/2022 3:00:00 AM,64
2/28/2022 4:00:00 AM,64
2/28/2022 5:00:00 AM,64
2/28/2022 6:00:00 AM,93
2/28/2022 7:00:00 AM,269
2/28/2022 8:00:00 AM,334
2/28/2022 9:00:00 AM,279
2/28/2022 10:00:00 AM,185
2/28/2022 11:00:00 AM,101
2/28/2022 12:00:00 PM,268
2/28/2022 1:00:00 PM,144
2/28/2022 2:00:00 PM,210
2/28/2022 3:00:00 PM,162
2/28/2022 4:00:00 PM,101
2/28/2022 5:00:00 PM,97
2/28/2022 6:00:00 PM,64
2/28/2022 7:00:00 PM,64
2/28/2022 8:00:00 PM,89
2/28/2022 9:00:00 PM,152
2/28/2022 10:00:00 PM,64
2/28/2022 11:00:00 PM,64
3/1/2022 12:00:00 AM,64
3/1/2022 1:00:00 AM,64
3/1/2022 2:00:00 AM,64
3/1/2022 3:00:00 AM,64
3/1/2022 4:00:00 AM,64
3/1/2022 5:00:00 AM,64
3/1/2022 6:00:00 AM,64
3/1/2022 7:00:00 AM,186
3/1/2022 8:00:00 AM,297
3/1/2022 9:00:00 AM,198
3/1/2022 10:00:00 AM,207
3/1/2022 11:00:00 AM,118
3/1/2022 12:00:00 PM,115
3/1/2022 1:00:00 PM,102
3/1/2022 2:00:00 PM,83
3/1/2022 3:00:00 PM,151
3/1/2022 4:00:00 PM,267
3/1/2022 5:00:00 PM,150
3/1/2022 6:00:00 PM,136
3/1/2022 7:00:00 PM,95
3/1/2022 8:00:00 PM,90
3/1/2022 9:00:00 PM,76
3/1/2022 10:00:00 PM,113
3/1/2022 11:00:00 PM,65
3/2/2022 12:00:00 AM,64
3/2/2022 1:00:00 AM,65
3/2/2022 2:00:00 AM,64
3/2/2022 3:00:00 AM,71
3/2/2022 4:00:00 AM,68
3/2/2022 5:00:00 AM,64
3/2/2022 6:00:00 AM,85
3/2/2022 7:00:00 AM,198
3/2/2022 8:00:00 AM,311
3/2/2022 9:00:00 AM,262
3/2/2022 10:00:00 AM,206
3/2/2022 11:00:00 AM,147
3/2/2022 12:00:00 PM,136
3/2/2022 1:00:00 PM,138
3/2/2022 2:00:00 PM,134
3/2/2022 3:00:00 PM,84
3/2/2022 4:00:00 PM,101
3/2/2022 5:00:00 PM,435
3/2/2022 6:00:00 PM,207
3/2/2022 7:00:00 PM,164
3/2/2022 8:00:00 PM,101
3/2/2022 9:00:00 PM,86
3/2/2022 10:00:00 PM,134
3/2/2022 11:00:00 PM,69
3/3/2022 12:00:00 AM,66
3/3/2022 1:00:00 AM,64
3/3/2022 2:00:00 AM,83
3/3/2022 3:00:00 AM,64
3/3/2022 4:00:00 AM,65
3/3/2022 5:00:00 AM,65
3/3/2022 6:00:00 AM,84
3/3/2022 7:00:00 AM,64
3/3/2022 8:00:00 AM,110
3/3/2022 9:00:00 AM,137
3/3/2022 10:00:00 AM,118
3/3/2022 11:00:00 AM,79
3/3/2022 12:00:00 PM,99
3/3/2022 1:00:00 PM,79
3/3/2022 2:00:00 PM,73
3/3/2022 3:00:00 PM,131
3/3/2022 4:00:00 PM,185
3/3/2022 5:00:00 PM,204
3/3/2022 6:00:00 PM,157
3/3/2022 7:00:00 PM,86
3/3/2022 8:00:00 PM,134
3/3/2022 9:00:00 PM,149
3/3/2022 10:00:00 PM,70
3/3/2022 11:00:00 PM,64
3/4/2022 12:00:00 AM,70
3/4/2022 1:00:00 AM,311
3/4/2022 2:00:00 AM,64
3/4/2022 3:00:00 AM,66
3/4/2022 4:00:00 AM,64
3/4/2022 5:00:00 AM,64
3/4/2022 6:00:00 AM,78
3/4/2022 7:00:00 AM,210
3/4/2022 8:00:00 AM,206
3/4/2022 9:00:00 AM,195
3/4/2022 10:00:00 AM,150
3/4/2022 11:00:00 AM,181
3/4/2022 12:00:00 PM,244
3/4/2022 1:00:00 PM,123
3/4/2022 2:00:00 PM,72
3/4/2022 3:00:00 PM,91
3/4/2022 4:00:00 PM,80
3/4/2022 5:00:00 PM,320
3/4/2022 6:00:00 PM,168
3/4/2022 7:00:00 PM,79
3/4/2022 8:00:00 PM,85
3/4/2022 9:00:00 PM,100
3/4/2022 10:00:00 PM,68
3/4/2022 11:00:00 PM,72
3/5/2022 12:00:00 AM,64
3/5/2022 1:00:00 AM,64
3/5/2022 2:00:00 AM,64
3/5/2022 3:00:00 AM,64
3/5/2022 4:00:00 AM,64
3/5/2022 5:00:00 AM,64
3/5/2022 6:00:00 AM,110
3/5/2022 7:00:00 AM,223
3/5/2022 8:00:00 AM,293
3/5/2022 9:00:00 AM,257
3/5/2022 10:00:00 AM,208
3/5/2022 11:00:00 AM,207
3/5/2022 12:00:00 PM,99
3/5/2022 1:00:00 PM,96
3/5/2022 2:00:00 PM,73
3/5/2022 3:00:00 PM,67
3/5/2022 4:00:00 PM,65
3/5/2022 5:00:00 PM,73
3/5/2022 6:00:00 PM,171
3/5/2022 7:00:00 PM,119
3/5/2022 8:00:00 PM,110
3/5/2022 9:00:00 PM,91
3/5/2022 10:00:00 PM,167
3/5/2022 11:00:00 PM,126
3/6/2022 12:00:00 AM,84
3/6/2022 1:00:00 AM,66
3/6/2022 2:00:00 AM,64
3/6/2022 3:00:00 AM,66
3/6/2022 4:00:00 AM,84
3/6/2022 5:00:00 AM,66
3/6/2022 6:00:00 AM,65
3/6/2022 7:00:00 AM,65
3/6/2022 8:00:00 AM,112
3/6/2022 9:00:00 AM,67
3/6/2022 10:00:00 AM,234
3/6/2022 11:00:00 AM,88
3/6/2022 12:00:00 PM,89
3/6/2022 1:00:00 PM,129
3/6/2022 2:00:00 PM,84
3/6/2022 3:00:00 PM,78
3/6/2022 4:00:00 PM,98
3/6/2022 5:00:00 PM,90
3/6/2022 6:00:00 PM,85
3/6/2022 7:00:00 PM,170
3/6/2022 8:00:00 PM,145
3/6/2022 9:00:00 PM,77
3/6/2022 10:00:00 PM,86
3/6/2022 11:00:00 PM,64
3/7/2022 12:00:00 AM,64
3/7/2022 1:00:00 AM,64
3/7/2022 2:00:00 AM,64
3/7/2022 3:00:00 AM,82
3/7/2022 4:00:00 AM,129
3/7/2022 5:00:00 AM,64
3/7/2022 6:00:00 AM,92
3/7/2022 7:00:00 AM,127
3/7/2022 8:00:00 AM,316
3/7/2022 9:00:00 AM,249
3/7/2022 10:00:00 AM,137
3/7/2022 11:00:00 AM,95
3/7/2022 12:00:00 PM,290
3/7/2022 1:00:00 PM,244
3/7/2022 2:00:00 PM,217
3/7/2022 3:00:00 PM,88
3/7/2022 4:00:00 PM,64
3/7/2022 5:00:00 PM,249
3/7/2022 6:00:00 PM,429
3/7/2022 7:00:00 PM,186
3/7/2022 8:00:00 PM,95
3/7/2022 9:00:00 PM,194
3/7/2022 10:00:00 PM,111
3/7/2022 11:00:00 PM,72
3/8/2022 12:00:00 AM,100
3/8/2022 1:00:00 AM,65
3/8/2022 2:00:00 AM,64
3/8/2022 3:00:00 AM,64
3/8/2022 4:00:00 AM,64
3/8/2022 5:00:00 AM,64
3/8/2022 6:00:00 AM,112
3/8/2022 7:00:00 AM,213
3/8/2022 8:00:00 AM,225
3/8/2022 9:00:00 AM,119
3/8/2022 10:00:00 AM,215
3/8/2022 11:00:00 AM,82
3/8/2022 12:00:00 PM,74
3/8/2022 1:00:00 PM,66
3/8/2022 2:00:00 PM,73
3/8/2022 3:00:00 PM,125
3/8/2022 4:00:00 PM,193
3/8/2022 5:00:00 PM,119
3/8/2022 6:00:00 PM,159
3/8/2022 7:00:00 PM,101
3/8/2022 8:00:00 PM,97
3/8/2022 9:00:00 PM,102
3/8/2022 10:00:00 PM,109
3/8/2022 11:00:00 PM,83
3/9/2022 12:00:00 AM,109
3/9/2022 1:00:00 AM,66
3/9/2022 2:00:00 AM,64
3/9/2022 3:00:00 AM,66
3/9/2022 4:00:00 AM,75
3/9/2022 5:00:00 AM,64
3/9/2022 6:00:00 AM,81
3/9/2022 7:00:00 AM,212
3/9/2022 8:00:00 AM,286
3/9/2022 9:00:00 AM,224
3/9/2022 10:00:00 AM,253
3/9/2022 11:00:00 AM,190
3/9/2022 12:00:00 PM,230
3/9/2022 1:00:00 PM,132
3/9/2022 2:00:00 PM,186
3/9/2022 3:00:00 PM,97
3/9/2022 4:00:00 PM,91
3/9/2022 5:00:00 PM,185
3/9/2022 6:00:00 PM,165
3/9/2022 7:00:00 PM,173
3/9/2022 8:00:00 PM,97
3/9/2022 9:00:00 PM,188
3/9/2022 10:00:00 PM,121
3/9/2022 11:00:00 PM,75
3/10/2022 12:00:00 AM,64
3/10/2022 1:00:00 AM,64
3/10/2022 2:00:00 AM,73
3/10/2022 3:00:00 AM,64
3/10/2022 4:00:00 AM,64
3/10/2022 5:00:00 AM,65
3/10/2022 6:00:00 AM,87
3/10/2022 7:00:00 AM,112
3/10/2022 8:00:00 AM,229
3/10/2022 9:00:00 AM,150
3/10/2022 10:00:00 AM,86
3/10/2022 11:00:00 AM,211
3/10/2022 12:00:00 PM,199
3/10/2022 1:00:00 PM,170
3/10/2022 2:00:00 PM,160
3/10/2022 3:00:00 PM,181
3/10/2022 4:00:00 PM,193
3/10/2022 5:00:00 PM,184
3/10/2022 6:00:00 PM,168
3/10/2022 7:00:00 PM,186
3/10/2022 8:00:00 PM,85
3/10/2022 9:00:00 PM,141
3/10/2022 10:00:00 PM,69
3/10/2022 11:00:00 PM,81
3/11/2022 12:00:00 AM,64
3/11/2022 1:00:00 AM,64
3/11/2022 2:00:00 AM,64
3/11/2022 3:00:00 AM,64
3/11/2022 4:00:00 AM,64
3/11/2022 5:00:00 AM,64
3/11/2022 6:00:00 AM,67
3/11/2022 7:00:00 AM,76
3/11/2022 8:00:00 AM,64
3/11/2022 9:00:00 AM,64
3/11/2022 10:00:00 AM,64
3/11/2022 11:00:00 AM,64
3/11/2022 12:00:00 PM,64
3/11/2022 1:00:00 PM,64
3/11/2022 2:00:00 PM,64
3/11/2022 3:00:00 PM,64
3/11/2022 4:00:00 PM,64
3/11/2022 5:00:00 PM,65
3/11/2022 6:00:00 PM,64
3/11/2022 7:00:00 PM,68
3/11/2022 8:00:00 PM,69
3/11/2022 9:00:00 PM,511
3/11/2022 10:00:00 PM,359
3/11/2022 11:00:00 PM,89
3/12/2022 12:00:00 AM,64
3/12/2022 1:00:00 AM,64
3/12/2022 2:00:00 AM,64
3/12/2022 3:00:00 AM,64
3/12/2022 4:00:00 AM,64
3/12/2022 5:00:00 AM,64
3/12/2022 6:00:00 AM,64
3/12/2022 7:00:00 AM,183
3/12/2022 8:00:00 AM,255
3/12/2022 9:00:00 AM,256
3/12/2022 10:00:00 AM,232
3/12/2022 11:00:00 AM,149
3/12/2022 12:00:00 PM,111
3/12/2022 1:00:00 PM,107
3/12/2022 2:00:00 PM,130
3/12/2022 3:00:00 PM,188
3/12/2022 4:00:00 PM,150
3/12/2022 5:00:00 PM,119
3/12/2022 6:00:00 PM,136
3/12/2022 7:00:00 PM,178
3/12/2022 8:00:00 PM,102
3/12/2022 9:00:00 PM,134
3/12/2022 10:00:00 PM,133
3/12/2022 11:00:00 PM,70
3/13/2022 12:00:00 AM,66
3/13/2022 1:00:00 AM,66
3/13/2022 2:00:00 AM,112
3/13/2022 3:00:00 AM,64
3/13/2022 4:00:00 AM,82
3/13/2022 5:00:00 AM,68
3/13/2022 6:00:00 AM,64
3/13/2022 7:00:00 AM,64
3/13/2022 8:00:00 AM,64
3/13/2022 9:00:00 AM,89
3/13/2022 10:00:00 AM,197
3/13/2022 11:00:00 AM,147
3/13/2022 12:00:00 PM,91
3/13/2022 1:00:00 PM,93
3/13/2022 2:00:00 PM,153
3/13/2022 3:00:00 PM,65
3/13/2022 4:00:00 PM,135
3/13/2022 5:00:00 PM,172
3/13/2022 6:00:00 PM,90
3/13/2022 7:00:00 PM,76
3/13/2022 8:00:00 PM,142
3/13/2022 9:00:00 PM,132
3/13/2022 10:00:00 PM,75
3/13/2022 11:00:00 PM,64
3/14/2022 12:00:00 AM,64
3/14/2022 1:00:00 AM,64
3/14/2022 2:00:00 AM,64
3/14/2022 3:00:00 AM,64
3/14/2022 4:00:00 AM,124
3/14/2022 5:00:00 AM,65
3/14/2022 6:00:00 AM,104
3/14/2022 7:00:00 AM,116
3/14/2022 8:00:00 AM,264
3/14/2022 9:00:00 AM,206
3/14/2022 10:00:00 AM,139
3/14/2022 11:00:00 AM,88
3/14/2022 12:00:00 PM,170
3/14/2022 1:00:00 PM,110
3/14/2022 2:00:00 PM,80
3/14/2022 3:00:00 PM,72
3/14/2022 4:00:00 PM,80
3/14/2022 5:00:00 PM,84
3/14/2022 6:00:00 PM,121
3/14/2022 7:00:00 PM,104
3/14/2022 8:00:00 PM,107
3/14/2022 9:00:00 PM,181
3/14/2022 10:00:00 PM,75
3/14/2022 11:00:00 PM,64
3/15/2022 12:00:00 AM,64
3/15/2022 1:00:00 AM,64
3/15/2022 2:00:00 AM,64
3/15/2022 3:00:00 AM,64
3/15/2022 4:00:00 AM,64
3/15/2022 5:00:00 AM,64
3/15/2022 6:00:00 AM,64
3/15/2022 7:00:00 AM,126
3/15/2022 8:00:00 AM,252
3/15/2022 9:00:00 AM,175
3/15/2022 10:00:00 AM,201
3/15/2022 11:00:00 AM,72
3/15/2022 12:00:00 PM,129
3/15/2022 1:00:00 PM,65
3/15/2022 2:00:00 PM,91
3/15/2022 3:00:00 PM,111
3/15/2022 4:00:00 PM,253
3/15/2022 5:00:00 PM,249
3/15/2022 6:00:00 PM,237
3/15/2022 7:00:00 PM,106
3/15/2022 8:00:00 PM,110
3/15/2022 9:00:00 PM,150
3/15/2022 10:00:00 PM,74
3/15/2022 11:00:00 PM,73
3/16/2022 12:00:00 AM,64
3/16/2022 1:00:00 AM,64
3/16/2022 2:00:00 AM,64
3/16/2022 3:00:00 AM,64
3/16/2022 4:00:00 AM,64
3/16/2022 5:00:00 AM,66
3/16/2022 6:00:00 AM,109
3/16/2022 7:00:00 AM,180
3/16/2022 8:00:00 AM,226
3/16/2022 9:00:00 AM,181
3/16/2022 10:00:00 AM,318
3/16/2022 11:00:00 AM,181
3/16/2022 12:00:00 PM,251
3/16/2022 1:00:00 PM,203
3/16/2022 2:00:00 PM,248
3/16/2022 3:00:00 PM,81
3/16/2022 4:00:00 PM,225
3/16/2022 5:00:00 PM,245
3/16/2022 6:00:00 PM,163
3/16/2022 7:00:00 PM,96
3/16/2022 8:00:00 PM,79
3/16/2022 9:00:00 PM,114
3/16/2022 10:00:00 PM,123
3/16/2022 11:00:00 PM,90
3/17/2022 12:00:00 AM,101
3/17/2022 1:00:00 AM,85
3/17/2022 2:00:00 AM,65
3/17/2022 3:00:00 AM,65
3/17/2022 4:00:00 AM,65
3/17/2022 5:00:00 AM,64
3/17/2022 6:00:00 AM,102
3/17/2022 7:00:00 AM,122
3/17/2022 8:00:00 AM,209
3/17/2022 9:00:00 AM,117
3/17/2022 10:00:00 AM,76
3/17/2022 11:00:00 AM,80
3/17/2022 12:00:00 PM,64
3/17/2022 1:00:00 PM,64
3/17/2022 2:00:00 PM,141
3/17/2022 3:00:00 PM,141
3/17/2022 4:00:00 PM,237
3/17/2022 5:00:00 PM,294
3/17/2022 6:00:00 PM,163
3/17/2022 7:00:00 PM,187
3/17/2022 8:00:00 PM,122
3/17/2022 9:00:00 PM,79
3/17/2022 10:00:00 PM,74
3/17/2022 11:00:00 PM,82
3/18/2022 12:00:00 AM,79
3/18/2022 1:00:00 AM,112
3/18/2022 2:00:00 AM,69
3/18/2022 3:00:00 AM,64
3/18/2022 4:00:00 AM,66
3/18/2022 5:00:00 AM,73
3/18/2022 6:00:00 AM,80
3/18/2022 7:00:00 AM,249
3/18/2022 8:00:00 AM,268
3/18/2022 9:00:00 AM,216
3/18/2022 10:00:00 AM,257
3/18/2022 11:00:00 AM,216
3/18/2022 12:00:00 PM,126
3/18/2022 1:00:00 PM,121
3/18/2022 2:00:00 PM,114
3/18/2022 3:00:00 PM,71
3/18/2022 4:00:00 PM,66
3/18/2022 5:00:00 PM,198
3/18/2022 6:00:00 PM,126
3/18/2022 7:00:00 PM,240
3/18/2022 8:00:00 PM,100
3/18/2022 9:00:00 PM,128
3/18/2022 10:00:00 PM,64
3/18/2022 11:00:00 PM,72
3/19/2022 12:00:00 AM,67
3/19/2022 1:00:00 AM,67
3/19/2022 2:00:00 AM,66
3/19/2022 3:00:00 AM,65
3/19/2022 4:00:00 AM,66
3/19/2022 5:00:00 AM,64
3/19/2022 6:00:00 AM,111
3/19/2022 7:00:00 AM,64
3/19/2022 8:00:00 AM,64
3/19/2022 9:00:00 AM,65
3/19/2022 10:00:00 AM,65
3/19/2022 11:00:00 AM,64
3/19/2022 12:00:00 PM,69
3/19/2022 1:00:00 PM,64
3/19/2022 2:00:00 PM,64
3/19/2022 3:00:00 PM,64
3/19/2022 4:00:00 PM,72
3/19/2022 5:00:00 PM,68
3/19/2022 6:00:00 PM,141
3/19/2022 7:00:00 PM,100
3/19/2022 8:00:00 PM,111
3/19/2022 9:00:00 PM,75
3/19/2022 10:00:00 PM,65
3/19/2022 11:00:00 PM,64
3/20/2022 12:00:00 AM,64
3/20/2022 1:00:00 AM,64
3/20/2022 2:00:00 AM,64
3/20/2022 3:00:00 AM,64
3/20/2022 4:00:00 AM,74
3/20/2022 5:00:00 AM,64
3/20/2022 6:00:00 AM,65
3/20/2022 7:00:00 AM,72
3/20/2022 8:00:00 AM,67
3/20/2022 9:00:00 AM,97
3/20/2022 10:00:00 AM,64
3/20/2022 11:00:00 AM,103
3/20/2022 12:00:00 PM,69
3/20/2022 1:00:00 PM,64
3/20/2022 2:00:00 PM,79
3/20/2022 3:00:00 PM,96
3/20/2022 4:00:00 PM,70
3/20/2022 5:00:00 PM,70
3/20/2022 6:00:00 PM,104
3/20/2022 7:00:00 PM,73
3/20/2022 8:00:00 PM,86
3/20/2022 9:00:00 PM,82
3/20/2022 10:00:00 PM,106
3/20/2022 11:00:00 PM,71
3/21/2022 12:00:00 AM,64
3/21/2022 1:00:00 AM,64
3/21/2022 2:00:00 AM,64
3/21/2022 3:00:00 AM,64
3/21/2022 4:00:00 AM,64
3/21/2022 5:00:00 AM,65
3/21/2022 6:00:00 AM,77
3/21/2022 7:00:00 AM,156
3/21/2022 8:00:00 AM,283
3/21/2022 9:00:00 AM,185
3/21/2022 10:00:00 AM,258
3/21/2022 11:00:00 AM,83
3/21/2022 12:00:00 PM,111
3/21/2022 1:00:00 PM,116
3/21/2022 2:00:00 PM,87
3/21/2022 3:00:00 PM,105
3/21/2022 4:00:00 PM,296
3/21/2022 5:00:00 PM,231
3/21/2022 6:00:00 PM,142
3/21/2022 7:00:00 PM,64
3/21/2022 8:00:00 PM,141
3/21/2022 9:00:00 PM,69
3/21/2022 10:00:00 PM,115
3/21/2022 11:00:00 PM,67
3/22/2022 12:00:00 AM,64
3/22/2022 1:00:00 AM,88
3/22/2022 2:00:00 AM,66
3/22/2022 3:00:00 AM,74
3/22/2022 4:00:00 AM,66
3/22/2022 5:00:00 AM,64
3/22/2022 6:00:00 AM,78
3/22/2022 7:00:00 AM,158
3/22/2022 8:00:00 AM,282
3/22/2022 9:00:00 AM,131
3/22/2022 10:00:00 AM,277
3/22/2022 11:00:00 AM,172
3/22/2022 12:00:00 PM,81
3/22/2022 1:00:00 PM,111
3/22/2022 2:00:00 PM,84
3/22/2022 3:00:00 PM,118
3/22/2022 4:00:00 PM,298
3/22/2022 5:00:00 PM,209
3/22/2022 6:00:00 PM,246
3/22/2022 7:00:00 PM,88
3/22/2022 8:00:00 PM,69
3/22/2022 9:00:00 PM,134
3/22/2022 10:00:00 PM,64
3/22/2022 11:00:00 PM,64
3/23/2022 12:00:00 AM,64
3/23/2022 1:00:00 AM,64
3/23/2022 2:00:00 AM,64
3/23/2022 3:00:00 AM,64
3/23/2022 4:00:00 AM,64
3/23/2022 5:00:00 AM,64
3/23/2022 6:00:00 AM,64
3/23/2022 7:00:00 AM,64
3/23/2022 8:00:00 AM,64
3/23/2022 9:00:00 AM,64
3/23/2022 10:00:00 AM,64
3/23/2022 11:00:00 AM,64
3/23/2022 12:00:00 PM,64
3/23/2022 1:00:00 PM,64
3/23/2022 2:00:00 PM,69
3/23/2022 3:00:00 PM,77
3/23/2022 4:00:00 PM,64
3/23/2022 5:00:00 PM,154
3/23/2022 6:00:00 PM,91
3/23/2022 7:00:00 PM,199
3/23/2022 8:00:00 PM,114
3/23/2022 9:00:00 PM,110
3/23/2022 10:00:00 PM,90
3/23/2022 11:00:00 PM,67
3/24/2022 12:00:00 AM,66
3/24/2022 1:00:00 AM,67
3/24/2022 2:00:00 AM,64
3/24/2022 3:00:00 AM,65
3/24/2022 4:00:00 AM,64
3/24/2022 5:00:00 AM,71
3/24/2022 6:00:00 AM,80
3/24/2022 7:00:00 AM,178
3/24/2022 8:00:00 AM,156
3/24/2022 9:00:00 AM,170
3/24/2022 10:00:00 AM,256
3/24/2022 11:00:00 AM,113
3/24/2022 12:00:00 PM,84
3/24/2022 1:00:00 PM,97
3/24/2022 2:00:00 PM,206
3/24/2022 3:00:00 PM,172
3/24/2022 4:00:00 PM,97
3/24/2022 5:00:00 PM,156
3/24/2022 6:00:00 PM,71
3/24/2022 7:00:00 PM,108
3/24/2022 8:00:00 PM,134
3/24/2022 9:00:00 PM,85
3/24/2022 10:00:00 PM,78
3/24/2022 11:00:00 PM,80
3/25/2022 12:00:00 AM,138
3/25/2022 1:00:00 AM,64
3/25/2022 2:00:00 AM,64
3/25/2022 3:00:00 AM,70
3/25/2022 4:00:00 AM,74
3/25/2022 5:00:00 AM,66
3/25/2022 6:00:00 AM,110
3/25/2022 7:00:00 AM,155
3/25/2022 8:00:00 AM,173
3/25/2022 9:00:00 AM,190
3/25/2022 10:00:00 AM,163
3/25/2022 11:00:00 AM,175
3/25/2022 12:00:00 PM,131
3/25/2022 1:00:00 PM,161
3/25/2022 2:00:00 PM,76
3/25/2022 3:00:00 PM,133
3/25/2022 4:00:00 PM,163
3/25/2022 5:00:00 PM,143
3/25/2022 6:00:00 PM,162
3/25/2022 7:00:00 PM,151
3/25/2022 8:00:00 PM,94
3/25/2022 9:00:00 PM,121
3/25/2022 10:00:00 PM,82
3/25/2022 11:00:00 PM,142
3/26/2022 12:00:00 AM,152
3/26/2022 1:00:00 AM,166
3/26/2022 2:00:00 AM,64
3/26/2022 3:00:00 AM,64
3/26/2022 4:00:00 AM,65
3/26/2022 5:00:00 AM,84
3/26/2022 6:00:00 AM,67
3/26/2022 7:00:00 AM,171
3/26/2022 8:00:00 AM,121
3/26/2022 9:00:00 AM,82
3/26/2022 10:00:00 AM,127
3/26/2022 11:00:00 AM,101
3/26/2022 12:00:00 PM,146
3/26/2022 1:00:00 PM,93
3/26/2022 2:00:00 PM,97
3/26/2022 3:00:00 PM,76
3/26/2022 4:00:00 PM,64
3/26/2022 5:00:00 PM,64
3/26/2022 6:00:00 PM,64
3/26/2022 7:00:00 PM,64
3/26/2022 8:00:00 PM,64
3/26/2022 9:00:00 PM,64
3/26/2022 10:00:00 PM,64
3/26/2022 11:00:00 PM,64
3/27/2022 12:00:00 AM,64
3/27/2022 1:00:00 AM,64
3/27/2022 2:00:00 AM,64
3/27/2022 3:00:00 AM,64
3/27/2022 4:00:00 AM,64
3/27/2022 5:00:00 AM,64
3/27/2022 6:00:00 AM,64
3/27/2022 7:00:00 AM,64
3/27/2022 8:00:00 AM,64
3/27/2022 9:00:00 AM,64
3/27/2022 10:00:00 AM,147
3/27/2022 11:00:00 AM,102
3/27/2022 12:00:00 PM,97
3/27/2022 1:00:00 PM,88
3/27/2022 2:00:00 PM,87
3/27/2022 3:00:00 PM,87
3/27/2022 4:00:00 PM,76
3/27/2022 5:00:00 PM,74
3/27/2022 6:00:00 PM,97
3/27/2022 7:00:00 PM,102
3/27/2022 8:00:00 PM,85
3/27/2022 9:00:00 PM,97
3/27/2022 10:00:00 PM,112
3/27/2022 11:00:00 PM,84
3/28/2022 12:00:00 AM,67
3/28/2022 1:00:00 AM,64
3/28/2022 2:00:00 AM,64
3/28/2022 3:00:00 AM,64
3/28/2022 4:00:00 AM,64
3/28/2022 5:00:00 AM,64
3/28/2022 6:00:00 AM,80
3/28/2022 7:00:00 AM,158
3/28/2022 8:00:00 AM,222
3/28/2022 9:00:00 AM,221
3/28/2022 10:00:00 AM,165
3/28/2022 11:00:00 AM,88
3/28/2022 12:00:00 PM,176
3/28/2022 1:00:00 PM,221
3/28/2022 2:00:00 PM,167
3/28/2022 3:00:00 PM,71
3/28/2022 4:00:00 PM,85
3/28/2022 5:00:00 PM,134
3/28/2022 6:00:00 PM,162
3/28/2022 7:00:00 PM,73
3/28/2022 8:00:00 PM,68
3/28/2022 9:00:00 PM,156
3/28/2022 10:00:00 PM,167
3/28/2022 11:00:00 PM,68
3/29/2022 12:00:00 AM,67
3/29/2022 1:00:00 AM,85
3/29/2022 2:00:00 AM,64
3/29/2022 3:00:00 AM,101
3/29/2022 4:00:00 AM,64
3/29/2022 5:00:00 AM,82
3/29/2022 6:00:00 AM,114
3/29/2022 7:00:00 AM,127
3/29/2022 8:00:00 AM,158
3/29/2022 9:00:00 AM,237
3/29/2022 10:00:00 AM,116
3/29/2022 11:00:00 AM,96
3/29/2022 12:00:00 PM,145
3/29/2022 1:00:00 PM,102
3/29/2022 2:00:00 PM,124
3/29/2022 3:00:00 PM,109
3/29/2022 4:00:00 PM,242
3/29/2022 5:00:00 PM,194
3/29/2022 6:00:00 PM,129
3/29/2022 7:00:00 PM,126
3/29/2022 8:00:00 PM,150
3/29/2022 9:00:00 PM,177
3/29/2022 10:00:00 PM,172
3/29/2022 11:00:00 PM,85
3/30/2022 12:00:00 AM,72
3/30/2022 1:00:00 AM,91
3/30/2022 2:00:00 AM,73
3/30/2022 3:00:00 AM,90
3/30/2022 4:00:00 AM,77
3/30/2022 5:00:00 AM,119
3/30/2022 6:00:00 AM,79
3/30/2022 7:00:00 AM,188
3/30/2022 8:00:00 AM,154
3/30/2022 9:00:00 AM,163
3/30/2022 10:00:00 AM,204
3/30/2022 11:00:00 AM,213
3/30/2022 12:00:00 PM,140
3/30/2022 1:00:00 PM,106
3/30/2022 2:00:00 PM,196
3/30/2022 3:00:00 PM,74
3/30/2022 4:00:00 PM,66
3/30/2022 5:00:00 PM,77
3/30/2022 6:00:00 PM,113
3/30/2022 7:00:00 PM,163
3/30/2022 8:00:00 PM,80
3/30/2022 9:00:00 PM,73
3/30/2022 10:00:00 PM,68
3/30/2022 11:00:00 PM,119
3/31/2022 12:00:00 AM,86
3/31/2022 1:00:00 AM,66
3/31/2022 2:00:00 AM,64
3/31/2022 3:00:00 AM,65
3/31/2022 4:00:00 AM,65
3/31/2022 5:00:00 AM,95
3/31/2022 6:00:00 AM,64
3/31/2022 7:00:00 AM,113
3/31/2022 8:00:00 AM,128
3/31/2022 9:00:00 AM,95
3/31/2022 10:00:00 AM,255
3/31/2022 11:00:00 AM,102
3/31/2022 12:00:00 PM,104
3/31/2022 1:00:00 PM,126
3/31/2022 2:00:00 PM,166
3/31/2022 3:00:00 PM,100
3/31/2022 4:00:00 PM,131
3/31/2022 5:00:00 PM,95
3/31/2022 6:00:00 PM,197
3/31/2022 7:00:00 PM,113
3/31/2022 8:00:00 PM,92
3/31/2022 9:00:00 PM,115
3/31/2022 10:00:00 PM,77
3/31/2022 11:00:00 PM,102
4/1/2022 12:00:00 AM,72
4/1/2022 1:00:00 AM,64
4/1/2022 2:00:00 AM,72
4/1/2022 3:00:00 AM,64
4/1/2022 4:00:00 AM,64
4/1/2022 5:00:00 AM,66
4/1/2022 6:00:00 AM,73
4/1/2022 7:00:00 AM,200
4/1/2022 8:00:00 AM,139
4/1/2022 9:00:00 AM,164
4/1/2022 10:00:00 AM,132
4/1/2022 11:00:00 AM,119
4/1/2022 12:00:00 PM,171
4/1/2022 1:00:00 PM,134
4/1/2022 2:00:00 PM,79
4/1/2022 3:00:00 PM,70
4/1/2022 4:00:00 PM,68
4/1/2022 5:00:00 PM,64
4/1/2022 6:00:00 PM,158
4/1/2022 7:00:00 PM,140
4/1/2022 8:00:00 PM,116
4/1/2022 9:00:00 PM,104
4/1/2022 10:00:00 PM,66
4/1/2022 11:00:00 PM,74
4/2/2022 12:00:00 AM,79
4/2/2022 1:00:00 AM,72
4/2/2022 2:00:00 AM,64
4/2/2022 3:00:00 AM,66
4/2/2022 4:00:00 AM,65
4/2/2022 5:00:00 AM,64
4/2/2022 6:00:00 AM,66
4/2/2022 7:00:00 AM,67
4/2/2022 8:00:00 AM,88
4/2/2022 9:00:00 AM,64
4/2/2022 10:00:00 AM,64
4/2/2022 11:00:00 AM,64
4/2/2022 12:00:00 PM,64
4/2/2022 1:00:00 PM,64
4/2/2022 2:00:00 PM,134
4/2/2022 3:00:00 PM,234
4/2/2022 4:00:00 PM,237
4/2/2022 5:00:00 PM,180
4/2/2022 6:00:00 PM,209
4/2/2022 7:00:00 PM,93
4/2/2022 8:00:00 PM,177
4/2/2022 9:00:00 PM,257
4/2/2022 10:00:00 PM,299
4/2/2022 11:00:00 PM,118
4/3/2022 12:00:00 AM,67
4/3/2022 1:00:00 AM,64
4/3/2022 2:00:00 AM,64
4/3/2022 3:00:00 AM,64
4/3/2022 4:00:00 AM,64
4/3/2022 5:00:00 AM,64
4/3/2022 6:00:00 AM,66
4/3/2022 7:00:00 AM,64
4/3/2022 8:00:00 AM,82
4/3/2022 9:00:00 AM,73
4/3/2022 10:00:00 AM,147
4/3/2022 11:00:00 AM,91
4/3/2022 12:00:00 PM,81
4/3/2022 1:00:00 PM,106
4/3/2022 2:00:00 PM,85
4/3/2022 3:00:00 PM,69
4/3/2022 4:00:00 PM,66
4/3/2022 5:00:00 PM,93
4/3/2022 6:00:00 PM,134
4/3/2022 7:00:00 PM,109
4/3/2022 8:00:00 PM,84
4/3/2022 9:00:00 PM,98
4/3/2022 10:00:00 PM,121
4/3/2022 11:00:00 PM,71
4/4/2022 12:00:00 AM,79
4/4/2022 1:00:00 AM,64
4/4/2022 2:00:00 AM,64
4/4/2022 3:00:00 AM,64
4/4/2022 4:00:00 AM,66
4/4/2022 5:00:00 AM,66
4/4/2022 6:00:00 AM,81
4/4/2022 7:00:00 AM,77
4/4/2022 8:00:00 AM,64
4/4/2022 9:00:00 AM,105
4/4/2022 10:00:00 AM,285
4/4/2022 11:00:00 AM,165
4/4/2022 12:00:00 PM,84
4/4/2022 1:00:00 PM,103
4/4/2022 2:00:00 PM,107
4/4/2022 3:00:00 PM,103
4/4/2022 4:00:00 PM,90
4/4/2022 5:00:00 PM,166
4/4/2022 6:00:00 PM,94
4/4/2022 7:00:00 PM,113
4/4/2022 8:00:00 PM,84
4/4/2022 9:00:00 PM,102
4/4/2022 10:00:00 PM,92
4/4/2022 11:00:00 PM,142
4/5/2022 12:00:00 AM,72
4/5/2022 1:00:00 AM,70
4/5/2022 2:00:00 AM,164
4/5/2022 3:00:00 AM,79
4/5/2022 4:00:00 AM,73
4/5/2022 5:00:00 AM,105
4/5/2022 6:00:00 AM,64
4/5/2022 7:00:00 AM,163
4/5/2022 8:00:00 AM,130
4/5/2022 9:00:00 AM,149
4/5/2022 10:00:00 AM,213
4/5/2022 11:00:00 AM,150
4/5/2022 12:00:00 PM,142
4/5/2022 1:00:00 PM,149
4/5/2022 2:00:00 PM,112
4/5/2022 3:00:00 PM,67
4/5/2022 4:00:00 PM,145
4/5/2022 5:00:00 PM,195
4/5/2022 6:00:00 PM,77
4/5/2022 7:00:00 PM,173
4/5/2022 8:00:00 PM,111
4/5/2022 9:00:00 PM,90
4/5/2022 10:00:00 PM,69
4/5/2022 11:00:00 PM,112
4/6/2022 12:00:00 AM,65
4/6/2022 1:00:00 AM,65
4/6/2022 2:00:00 AM,66
4/6/2022 3:00:00 AM,64
4/6/2022 4:00:00 AM,64
4/6/2022 5:00:00 AM,66
4/6/2022 6:00:00 AM,80
4/6/2022 7:00:00 AM,136
4/6/2022 8:00:00 AM,163
4/6/2022 9:00:00 AM,65
4/6/2022 10:00:00 AM,109
4/6/2022 11:00:00 AM,88
4/6/2022 12:00:00 PM,80
4/6/2022 1:00:00 PM,142
4/6/2022 2:00:00 PM,125
4/6/2022 3:00:00 PM,140
4/6/2022 4:00:00 PM,86
4/6/2022 5:00:00 PM,74
4/6/2022 6:00:00 PM,150
4/6/2022 7:00:00 PM,101
4/6/2022 8:00:00 PM,127
4/6/2022 9:00:00 PM,157
4/6/2022 10:00:00 PM,99
4/6/2022 11:00:00 PM,70
4/7/2022 12:00:00 AM,79
4/7/2022 1:00:00 AM,83
4/7/2022 2:00:00 AM,72
4/7/2022 3:00:00 AM,82
4/7/2022 4:00:00 AM,64
4/7/2022 5:00:00 AM,64
4/7/2022 6:00:00 AM,64
4/7/2022 7:00:00 AM,170
4/7/2022 8:00:00 AM,104
4/7/2022 9:00:00 AM,99
4/7/2022 10:00:00 AM,233
4/7/2022 11:00:00 AM,195
4/7/2022 12:00:00 PM,70
4/7/2022 1:00:00 PM,132
4/7/2022 2:00:00 PM,120
4/7/2022 3:00:00 PM,77
4/7/2022 4:00:00 PM,71
4/7/2022 5:00:00 PM,137
4/7/2022 6:00:00 PM,228
4/7/2022 7:00:00 PM,234
4/7/2022 8:00:00 PM,239
4/7/2022 9:00:00 PM,84
4/7/2022 10:00:00 PM,147
4/7/2022 11:00:00 PM,118
4/8/2022 12:00:00 AM,64
4/8/2022 1:00:00 AM,64
4/8/2022 2:00:00 AM,64
4/8/2022 3:00:00 AM,64
4/8/2022 4:00:00 AM,64
4/8/2022 5:00:00 AM,64
4/8/2022 6:00:00 AM,106
4/8/2022 7:00:00 AM,107
4/8/2022 8:00:00 AM,141
4/8/2022 9:00:00 AM,64
4/8/2022 10:00:00 AM,64
4/8/2022 11:00:00 AM,64
4/8/2022 12:00:00 PM,87
4/8/2022 1:00:00 PM,187
4/8/2022 2:00:00 PM,212
4/8/2022 3:00:00 PM,143
4/8/2022 4:00:00 PM,84
4/8/2022 5:00:00 PM,94
4/8/2022 6:00:00 PM,223
4/8/2022 7:00:00 PM,162
4/8/2022 8:00:00 PM,80
4/8/2022 9:00:00 PM,135
4/8/2022 10:00:00 PM,75
4/8/2022 11:00:00 PM,89
4/9/2022 12:00:00 AM,115
4/9/2022 1:00:00 AM,64
4/9/2022 2:00:00 AM,64
4/9/2022 3:00:00 AM,73
4/9/2022 4:00:00 AM,71
4/9/2022 5:00:00 AM,64
4/9/2022 6:00:00 AM,64
4/9/2022 7:00:00 AM,69
4/9/2022 8:00:00 AM,78
4/9/2022 9:00:00 AM,167
4/9/2022 10:00:00 AM,167
4/9/2022 11:00:00 AM,126
4/9/2022 12:00:00 PM,80
4/9/2022 1:00:00 PM,162
4/9/2022 2:00:00 PM,80
4/9/2022 3:00:00 PM,121
4/9/2022 4:00:00 PM,102
4/9/2022 5:00:00 PM,105
4/9/2022 6:00:00 PM,124
4/9/2022 7:00:00 PM,130
4/9/2022 8:00:00 PM,162
4/9/2022 9:00:00 PM,99
4/9/2022 10:00:00 PM,100
4/9/2022 11:00:00 PM,197
4/10/2022 12:00:00 AM,94
4/10/2022 1:00:00 AM,77
4/10/2022 2:00:00 AM,215
4/10/2022 3:00:00 AM,66
4/10/2022 4:00:00 AM,65
4/10/2022 5:00:00 AM,66
4/10/2022 6:00:00 AM,98
4/10/2022 7:00:00 AM,74
4/10/2022 8:00:00 AM,66
4/10/2022 9:00:00 AM,69
4/10/2022 10:00:00 AM,64
4/10/2022 11:00:00 AM,64
4/10/2022 12:00:00 PM,72
4/10/2022 1:00:00 PM,68
4/10/2022 2:00:00 PM,70
4/10/2022 3:00:00 PM,203
4/10/2022 4:00:00 PM,83
4/10/2022 5:00:00 PM,76
4/10/2022 6:00:00 PM,99
4/10/2022 7:00:00 PM,183
4/10/2022 8:00:00 PM,81
4/10/2022 9:00:00 PM,191
4/10/2022 10:00:00 PM,67
4/10/2022 11:00:00 PM,113
4/11/2022 12:00:00 AM,74
4/11/2022 1:00:00 AM,66
4/11/2022 2:00:00 AM,66
4/11/2022 3:00:00 AM,64
4/11/2022 4:00:00 AM,64
4/11/2022 5:00:00 AM,86
4/11/2022 6:00:00 AM,67
4/11/2022 7:00:00 AM,127
4/11/2022 8:00:00 AM,134
4/11/2022 9:00:00 AM,89
4/11/2022 10:00:00 AM,111
4/11/2022 11:00:00 AM,119
4/11/2022 12:00:00 PM,173
4/11/2022 1:00:00 PM,181
4/11/2022 2:00:00 PM,85
4/11/2022 3:00:00 PM,77
4/11/2022 4:00:00 PM,64
4/11/2022 5:00:00 PM,64
4/11/2022 6:00:00 PM,64
4/11/2022 7:00:00 PM,64
4/11/2022 8:00:00 PM,64
4/11/2022 9:00:00 PM,64
4/11/2022 10:00:00 PM,93
4/11/2022 11:00:00 PM,80
4/12/2022 12:00:00 AM,73
4/12/2022 1:00:00 AM,72
4/12/2022 2:00:00 AM,111
4/12/2022 3:00:00 AM,64
4/12/2022 4:00:00 AM,64
4/12/2022 5:00:00 AM,64
4/12/2022 6:00:00 AM,97
4/12/2022 7:00:00 AM,218
4/12/2022 8:00:00 AM,156
4/12/2022 9:00:00 AM,141
4/12/2022 10:00:00 AM,114
4/12/2022 11:00:00 AM,319
4/12/2022 12:00:00 PM,335
4/12/2022 1:00:00 PM,99
4/12/2022 2:00:00 PM,235
4/12/2022 3:00:00 PM,366
4/12/2022 4:00:00 PM,98
4/12/2022 5:00:00 PM,74
4/12/2022 6:00:00 PM,72
4/12/2022 7:00:00 PM,85
4/12/2022 8:00:00 PM,118
4/12/2022 9:00:00 PM,115
4/12/2022 10:00:00 PM,163
4/12/2022 11:00:00 PM,84
4/13/2022 12:00:00 AM,67
4/13/2022 1:00:00 AM,64
4/13/2022 2:00:00 AM,64
4/13/2022 3:00:00 AM,64
4/13/2022 4:00:00 AM,64
4/13/2022 5:00:00 AM,65
4/13/2022 6:00:00 AM,69
4/13/2022 7:00:00 AM,249
4/13/2022 8:00:00 AM,140
4/13/2022 9:00:00 AM,82
4/13/2022 10:00:00 AM,95
4/13/2022 11:00:00 AM,194
4/13/2022 12:00:00 PM,76
4/13/2022 1:00:00 PM,128
4/13/2022 2:00:00 PM,77
4/13/2022 3:00:00 PM,176
4/13/2022 4:00:00 PM,81
4/13/2022 5:00:00 PM,84
4/13/2022 6:00:00 PM,80
4/13/2022 7:00:00 PM,133
4/13/2022 8:00:00 PM,103
4/13/2022 9:00:00 PM,93
4/13/2022 10:00:00 PM,179
4/13/2022 11:00:00 PM,126
4/14/2022 12:00:00 AM,65
4/14/2022 1:00:00 AM,64
4/14/2022 2:00:00 AM,64
4/14/2022 3:00:00 AM,64
4/14/2022 4:00:00 AM,64
4/14/2022 5:00:00 AM,64
4/14/2022 6:00:00 AM,64
4/14/2022 7:00:00 AM,81
4/14/2022 8:00:00 AM,224
4/14/2022 9:00:00 AM,125
4/14/2022 10:00:00 AM,99
4/14/2022 11:00:00 AM,94
4/14/2022 12:00:00 PM,145
4/14/2022 1:00:00 PM,174
4/14/2022 2:00:00 PM,168
4/14/2022 3:00:00 PM,274
4/14/2022 4:00:00 PM,165
4/14/2022 5:00:00 PM,78
4/14/2022 6:00:00 PM,103
4/14/2022 7:00:00 PM,137
4/14/2022 8:00:00 PM,80
4/14/2022 9:00:00 PM,101
4/14/2022 10:00:00 PM,150
4/14/2022 11:00:00 PM,68
4/15/2022 12:00:00 AM,70
4/15/2022 1:00:00 AM,81
4/15/2022 2:00:00 AM,76
4/15/2022 3:00:00 AM,74
4/15/2022 4:00:00 AM,83
4/15/2022 5:00:00 AM,174
4/15/2022 6:00:00 AM,69
4/15/2022 7:00:00 AM,66
4/15/2022 8:00:00 AM,64
4/15/2022 9:00:00 AM,134
4/15/2022 10:00:00 AM,145
4/15/2022 11:00:00 AM,99
4/15/2022 12:00:00 PM,64
4/15/2022 1:00:00 PM,64
4/15/2022 2:00:00 PM,72
4/15/2022 3:00:00 PM,93
4/15/2022 4:00:00 PM,79
4/15/2022 5:00:00 PM,64
4/15/2022 6:00:00 PM,64
4/15/2022 7:00:00 PM,178
4/15/2022 8:00:00 PM,115
4/15/2022 9:00:00 PM,172
4/15/2022 10:00:00 PM,66
4/15/2022 11:00:00 PM,64
4/16/2022 12:00:00 AM,64
4/16/2022 1:00:00 AM,64
4/16/2022 2:00:00 AM,64
4/16/2022 3:00:00 AM,64
4/16/2022 4:00:00 AM,64
4/16/2022 5:00:00 AM,64
4/16/2022 6:00:00 AM,64
4/16/2022 7:00:00 AM,64
4/16/2022 8:00:00 AM,110
4/16/2022 9:00:00 AM,139
4/16/2022 10:00:00 AM,262
4/16/2022 11:00:00 AM,154
4/16/2022 12:00:00 PM,166
4/16/2022 1:00:00 PM,130
4/16/2022 2:00:00 PM,195
4/16/2022 3:00:00 PM,174
4/16/2022 4:00:00 PM,145
4/16/2022 5:00:00 PM,162
4/16/2022 6:00:00 PM,123
4/16/2022 7:00:00 PM,236
4/16/2022 8:00:00 PM,215
4/16/2022 9:00:00 PM,170
4/16/2022 10:00:00 PM,117
4/16/2022 11:00:00 PM,121
4/17/2022 12:00:00 AM,125
4/17/2022 1:00:00 AM,92
4/17/2022 2:00:00 AM,64
4/17/2022 3:00:00 AM,64
4/17/2022 4:00:00 AM,64
4/17/2022 5:00:00 AM,64
4/17/2022 6:00:00 AM,64
4/17/2022 7:00:00 AM,64
4/17/2022 8:00:00 AM,159
4/17/2022 9:00:00 AM,331
4/17/2022 10:00:00 AM,187
4/17/2022 11:00:00 AM,105
4/17/2022 12:00:00 PM,64
4/17/2022 1:00:00 PM,64
4/17/2022 2:00:00 PM,64
4/17/2022 3:00:00 PM,64
4/17/2022 4:00:00 PM,64
4/17/2022 5:00:00 PM,64
4/17/2022 6:00:00 PM,64
4/17/2022 7:00:00 PM,64
4/17/2022 8:00:00 PM,64
4/17/2022 9:00:00 PM,64
4/17/2022 10:00:00 PM,64
4/17/2022 11:00:00 PM,64
4/18/2022 12:00:00 AM,64
4/18/2022 1:00:00 AM,64
4/18/2022 2:00:00 AM,64
4/18/2022 3:00:00 AM,64
4/18/2022 4:00:00 AM,64
4/18/2022 5:00:00 AM,64
4/18/2022 6:00:00 AM,64
4/18/2022 7:00:00 AM,64
4/18/2022 8:00:00 AM,64
4/18/2022 9:00:00 AM,64
4/18/2022 10:00:00 AM,78
4/18/2022 11:00:00 AM,254
4/18/2022 12:00:00 PM,206
4/18/2022 1:00:00 PM,145
4/18/2022 2:00:00 PM,144
4/18/2022 3:00:00 PM,91
4/18/2022 4:00:00 PM,117
4/18/2022 5:00:00 PM,131
4/18/2022 6:00:00 PM,176
4/18/2022 7:00:00 PM,89
4/18/2022 8:00:00 PM,125
4/18/2022 9:00:00 PM,136
4/18/2022 10:00:00 PM,111
4/18/2022 11:00:00 PM,64
4/19/2022 12:00:00 AM,64
4/19/2022 1:00:00 AM,64
4/19/2022 2:00:00 AM,64
4/19/2022 3:00:00 AM,64
4/19/2022 4:00:00 AM,64
4/19/2022 5:00:00 AM,64
4/19/2022 6:00:00 AM,108
4/19/2022 7:00:00 AM,67
4/19/2022 8:00:00 AM,65
4/19/2022 9:00:00 AM,71
4/19/2022 10:00:00 AM,223
4/19/2022 11:00:00 AM,384
4/19/2022 12:00:00 PM,180
4/19/2022 1:00:00 PM,74
4/19/2022 2:00:00 PM,86
4/19/2022 3:00:00 PM,84
4/19/2022 4:00:00 PM,99
4/19/2022 5:00:00 PM,176
4/19/2022 6:00:00 PM,153
4/19/2022 7:00:00 PM,263
4/19/2022 8:00:00 PM,107
4/19/2022 9:00:00 PM,138
4/19/2022 10:00:00 PM,75
4/19/2022 11:00:00 PM,100
4/20/2022 12:00:00 AM,126
4/20/2022 1:00:00 AM,181
4/20/2022 2:00:00 AM,219
4/20/2022 3:00:00 AM,144
4/20/2022 4:00:00 AM,114
4/20/2022 5:00:00 AM,87
4/20/2022 6:00:00 AM,107
4/20/2022 7:00:00 AM,141
4/20/2022 8:00:00 AM,116
4/20/2022 9:00:00 AM,141
4/20/2022 10:00:00 AM,281
4/20/2022 11:00:00 AM,72
4/20/2022 12:00:00 PM,65
4/20/2022 1:00:00 PM,64
4/20/2022 2:00:00 PM,75
4/20/2022 3:00:00 PM,76
4/20/2022 4:00:00 PM,109
4/20/2022 5:00:00 PM,64
4/20/2022 6:00:00 PM,64
4/20/2022 7:00:00 PM,64
4/20/2022 8:00:00 PM,139
4/20/2022 9:00:00 PM,328
4/20/2022 10:00:00 PM,197
4/20/2022 11:00:00 PM,83
4/21/2022 12:00:00 AM,67
4/21/2022 1:00:00 AM,64
4/21/2022 2:00:00 AM,64
4/21/2022 3:00:00 AM,64
4/21/2022 4:00:00 AM,66
4/21/2022 5:00:00 AM,66
4/21/2022 6:00:00 AM,83
4/21/2022 7:00:00 AM,173
4/21/2022 8:00:00 AM,209
4/21/2022 9:00:00 AM,103
4/21/2022 10:00:00 AM,77
4/21/2022 11:00:00 AM,234
4/21/2022 12:00:00 PM,185
4/21/2022 1:00:00 PM,147
4/21/2022 2:00:00 PM,83
4/21/2022 3:00:00 PM,97
4/21/2022 4:00:00 PM,317
4/21/2022 5:00:00 PM,131
4/21/2022 6:00:00 PM,211
4/21/2022 7:00:00 PM,153
4/21/2022 8:00:00 PM,310
4/21/2022 9:00:00 PM,298
4/21/2022 10:00:00 PM,272
4/21/2022 11:00:00 PM,186
4/22/2022 12:00:00 AM,84
4/22/2022 1:00:00 AM,77
4/22/2022 2:00:00 AM,71
4/22/2022 3:00:00 AM,67
4/22/2022 4:00:00 AM,64
4/22/2022 5:00:00 AM,70
4/22/2022 6:00:00 AM,69
4/22/2022 7:00:00 AM,305
4/22/2022 8:00:00 AM,205
4/22/2022 9:00:00 AM,241
4/22/2022 10:00:00 AM,241
4/22/2022 11:00:00 AM,127
4/22/2022 12:00:00 PM,189
4/22/2022 1:00:00 PM,254
4/22/2022 2:00:00 PM,82
4/22/2022 3:00:00 PM,93
4/22/2022 4:00:00 PM,101
4/22/2022 5:00:00 PM,232
4/22/2022 6:00:00 PM,113
4/22/2022 7:00:00 PM,94
4/22/2022 8:00:00 PM,143
4/22/2022 9:00:00 PM,257
4/22/2022 10:00:00 PM,110
4/22/2022 11:00:00 PM,104
4/23/2022 12:00:00 AM,136
4/23/2022 1:00:00 AM,66
4/23/2022 2:00:00 AM,66
4/23/2022 3:00:00 AM,64
4/23/2022 4:00:00 AM,64
4/23/2022 5:00:00 AM,64
4/23/2022 6:00:00 AM,70
4/23/2022 7:00:00 AM,151
4/23/2022 8:00:00 AM,254
4/23/2022 9:00:00 AM,166
4/23/2022 10:00:00 AM,143
4/23/2022 11:00:00 AM,76
4/23/2022 12:00:00 PM,78
4/23/2022 1:00:00 PM,78
4/23/2022 2:00:00 PM,185
4/23/2022 3:00:00 PM,161
4/23/2022 4:00:00 PM,144
4/23/2022 5:00:00 PM,180
4/23/2022 6:00:00 PM,100
4/23/2022 7:00:00 PM,93
4/23/2022 8:00:00 PM,109
4/23/2022 9:00:00 PM,212
4/23/2022 10:00:00 PM,114
4/23/2022 11:00:00 PM,86
4/24/2022 12:00:00 AM,97
4/24/2022 1:00:00 AM,81
4/24/2022 2:00:00 AM,75
4/24/2022 3:00:00 AM,97
4/24/2022 4:00:00 AM,66
4/24/2022 5:00:00 AM,64
4/24/2022 6:00:00 AM,71
4/24/2022 7:00:00 AM,69
4/24/2022 8:00:00 AM,71
4/24/2022 9:00:00 AM,69
4/24/2022 10:00:00 AM,66
4/24/2022 11:00:00 AM,110
4/24/2022 12:00:00 PM,94
4/24/2022 1:00:00 PM,110
4/24/2022 2:00:00 PM,75
4/24/2022 3:00:00 PM,80
4/24/2022 4:00:00 PM,79
4/24/2022 5:00:00 PM,142
4/24/2022 6:00:00 PM,91
4/24/2022 7:00:00 PM,111
4/24/2022 8:00:00 PM,87
4/24/2022 9:00:00 PM,106
4/24/2022 10:00:00 PM,76
4/24/2022 11:00:00 PM,90
4/25/2022 12:00:00 AM,89
4/25/2022 1:00:00 AM,72
4/25/2022 2:00:00 AM,73
4/25/2022 3:00:00 AM,83
4/25/2022 4:00:00 AM,64
4/25/2022 5:00:00 AM,64
4/25/2022 6:00:00 AM,83
4/25/2022 7:00:00 AM,233
4/25/2022 8:00:00 AM,238
4/25/2022 9:00:00 AM,189
4/25/2022 10:00:00 AM,259
4/25/2022 11:00:00 AM,92
4/25/2022 12:00:00 PM,200
4/25/2022 1:00:00 PM,126
4/25/2022 2:00:00 PM,210
4/25/2022 3:00:00 PM,80
4/25/2022 4:00:00 PM,65
4/25/2022 5:00:00 PM,65
4/25/2022 6:00:00 PM,85
4/25/2022 7:00:00 PM,132
4/25/2022 8:00:00 PM,148
4/25/2022 9:00:00 PM,171
4/25/2022 10:00:00 PM,92
4/25/2022 11:00:00 PM,68
4/26/2022 12:00:00 AM,68
4/26/2022 1:00:00 AM,64
4/26/2022 2:00:00 AM,64
4/26/2022 3:00:00 AM,66
4/26/2022 4:00:00 AM,64
4/26/2022 5:00:00 AM,65
4/26/2022 6:00:00 AM,70
4/26/2022 7:00:00 AM,144
4/26/2022 8:00:00 AM,214
4/26/2022 9:00:00 AM,243
4/26/2022 10:00:00 AM,114
4/26/2022 11:00:00 AM,82
4/26/2022 12:00:00 PM,227
4/26/2022 1:00:00 PM,175
4/26/2022 2:00:00 PM,234
4/26/2022 3:00:00 PM,80
4/26/2022 4:00:00 PM,78
4/26/2022 5:00:00 PM,110
4/26/2022 6:00:00 PM,77
4/26/2022 7:00:00 PM,153
4/26/2022 8:00:00 PM,85
4/26/2022 9:00:00 PM,207
4/26/2022 10:00:00 PM,93
4/26/2022 11:00:00 PM,79
4/27/2022 12:00:00 AM,64
4/27/2022 1:00:00 AM,64
4/27/2022 2:00:00 AM,65
4/27/2022 3:00:00 AM,65
4/27/2022 4:00:00 AM,64
4/27/2022 5:00:00 AM,65
4/27/2022 6:00:00 AM,66
4/27/2022 7:00:00 AM,180
4/27/2022 8:00:00 AM,234
4/27/2022 9:00:00 AM,186
4/27/2022 10:00:00 AM,224
4/27/2022 11:00:00 AM,121
4/27/2022 12:00:00 PM,145
4/27/2022 1:00:00 PM,101
4/27/2022 2:00:00 PM,184
4/27/2022 3:00:00 PM,162
4/27/2022 4:00:00 PM,129
4/27/2022 5:00:00 PM,185
4/27/2022 6:00:00 PM,110
4/27/2022 7:00:00 PM,69
4/27/2022 8:00:00 PM,108
4/27/2022 9:00:00 PM,244
4/27/2022 10:00:00 PM,85
4/27/2022 11:00:00 PM,64
4/28/2022 12:00:00 AM,64
4/28/2022 1:00:00 AM,64
4/28/2022 2:00:00 AM,64
4/28/2022 3:00:00 AM,64
4/28/2022 4:00:00 AM,64
4/28/2022 5:00:00 AM,64
4/28/2022 6:00:00 AM,64
4/28/2022 7:00:00 AM,64
4/28/2022 8:00:00 AM,64
4/28/2022 9:00:00 AM,75
4/28/2022 10:00:00 AM,69
4/28/2022 11:00:00 AM,153
4/28/2022 12:00:00 PM,287
4/28/2022 1:00:00 PM,135
4/28/2022 2:00:00 PM,195
4/28/2022 3:00:00 PM,122
4/28/2022 4:00:00 PM,76
4/28/2022 5:00:00 PM,81
4/28/2022 6:00:00 PM,275
4/28/2022 7:00:00 PM,272
4/28/2022 8:00:00 PM,79
4/28/2022 9:00:00 PM,97
4/28/2022 10:00:00 PM,140
4/28/2022 11:00:00 PM,187
4/29/2022 12:00:00 AM,64
4/29/2022 1:00:00 AM,66
4/29/2022 2:00:00 AM,64
4/29/2022 3:00:00 AM,70
4/29/2022 4:00:00 AM,65
4/29/2022 5:00:00 AM,64
4/29/2022 6:00:00 AM,67
4/29/2022 7:00:00 AM,158
4/29/2022 8:00:00 AM,161
4/29/2022 9:00:00 AM,114
4/29/2022 10:00:00 AM,82
4/29/2022 11:00:00 AM,113
4/29/2022 12:00:00 PM,94
4/29/2022 1:00:00 PM,210
4/29/2022 2:00:00 PM,90
4/29/2022 3:00:00 PM,115
4/29/2022 4:00:00 PM,67
4/29/2022 5:00:00 PM,127
4/29/2022 6:00:00 PM,157
4/29/2022 7:00:00 PM,64
4/29/2022 8:00:00 PM,64
4/29/2022 9:00:00 PM,64
4/29/2022 10:00:00 PM,83
4/29/2022 11:00:00 PM,161
4/30/2022 12:00:00 AM,65
4/30/2022 1:00:00 AM,64
4/30/2022 2:00:00 AM,66
4/30/2022 3:00:00 AM,66
4/30/2022 4:00:00 AM,64
4/30/2022 5:00:00 AM,65
4/30/2022 6:00:00 AM,89
4/30/2022 7:00:00 AM,159
4/30/2022 8:00:00 AM,211
4/30/2022 9:00:00 AM,160
4/30/2022 10:00:00 AM,267
4/30/2022 11:00:00 AM,306
4/30/2022 12:00:00 PM,98
4/30/2022 1:00:00 PM,114
4/30/2022 2:00:00 PM,330
4/30/2022 3:00:00 PM,159
4/30/2022 4:00:00 PM,93
4/30/2022 5:00:00 PM,67
4/30/2022 6:00:00 PM,66
4/30/2022 7:00:00 PM,120
4/30/2022 8:00:00 PM,105
4/30/2022 9:00:00 PM,115
4/30/2022 10:00:00 PM,84
4/30/2022 11:00:00 PM,79
5/1/2022 12:00:00 AM,77
5/1/2022 1:00:00 AM,65
5/1/2022 2:00:00 AM,64
5/1/2022 3:00:00 AM,77
5/1/2022 4:00:00 AM,77
5/1/2022 5:00:00 AM,66
5/1/2022 6:00:00 AM,70
5/1/2022 7:00:00 AM,66
5/1/2022 8:00:00 AM,128
5/1/2022 9:00:00 AM,64
5/1/2022 10:00:00 AM,64
5/1/2022 11:00:00 AM,77
5/1/2022 12:00:00 PM,161
5/1/2022 1:00:00 PM,153
5/1/2022 2:00:00 PM,105
5/1/2022 3:00:00 PM,73
5/1/2022 4:00:00 PM,77
5/1/2022 5:00:00 PM,77
5/1/2022 6:00:00 PM,148
5/1/2022 7:00:00 PM,153
5/1/2022 8:00:00 PM,183
5/1/2022 9:00:00 PM,158
5/1/2022 10:00:00 PM,73
5/1/2022 11:00:00 PM,88
5/2/2022 12:00:00 AM,77
5/2/2022 1:00:00 AM,65
5/2/2022 2:00:00 AM,82
5/2/2022 3:00:00 AM,66
5/2/2022 4:00:00 AM,67
5/2/2022 5:00:00 AM,77
5/2/2022 6:00:00 AM,65
5/2/2022 7:00:00 AM,88
5/2/2022 8:00:00 AM,78
5/2/2022 9:00:00 AM,93
5/2/2022 10:00:00 AM,90
5/2/2022 11:00:00 AM,270
5/2/2022 12:00:00 PM,191
5/2/2022 1:00:00 PM,226
5/2/2022 2:00:00 PM,162
5/2/2022 3:00:00 PM,145
5/2/2022 4:00:00 PM,166
5/2/2022 5:00:00 PM,128
5/2/2022 6:00:00 PM,220
5/2/2022 7:00:00 PM,153
5/2/2022 8:00:00 PM,220
5/2/2022 9:00:00 PM,103
5/2/2022 10:00:00 PM,97
5/2/2022 11:00:00 PM,100
5/3/2022 12:00:00 AM,65
5/3/2022 1:00:00 AM,64
5/3/2022 2:00:00 AM,71
5/3/2022 3:00:00 AM,76
5/3/2022 4:00:00 AM,80
5/3/2022 5:00:00 AM,65
5/3/2022 6:00:00 AM,71
5/3/2022 7:00:00 AM,144
5/3/2022 8:00:00 AM,199
5/3/2022 9:00:00 AM,109
5/3/2022 10:00:00 AM,89
5/3/2022 11:00:00 AM,151
5/3/2022 12:00:00 PM,105
5/3/2022 1:00:00 PM,70
5/3/2022 2:00:00 PM,64
5/3/2022 3:00:00 PM,153
5/3/2022 4:00:00 PM,106
5/3/2022 5:00:00 PM,252
5/3/2022 6:00:00 PM,314
5/3/2022 7:00:00 PM,154
5/3/2022 8:00:00 PM,104
5/3/2022 9:00:00 PM,91
5/3/2022 10:00:00 PM,80
5/3/2022 11:00:00 PM,81
5/4/2022 12:00:00 AM,65
5/4/2022 1:00:00 AM,64
5/4/2022 2:00:00 AM,64
5/4/2022 3:00:00 AM,65
5/4/2022 4:00:00 AM,64
5/4/2022 5:00:00 AM,64
5/4/2022 6:00:00 AM,102
5/4/2022 7:00:00 AM,163
5/4/2022 8:00:00 AM,134
5/4/2022 9:00:00 AM,105
5/4/2022 10:00:00 AM,70
5/4/2022 11:00:00 AM,71
5/4/2022 12:00:00 PM,121
5/4/2022 1:00:00 PM,109
5/4/2022 2:00:00 PM,65
5/4/2022 3:00:00 PM,67
5/4/2022 4:00:00 PM,68
5/4/2022 5:00:00 PM,64
5/4/2022 6:00:00 PM,64
5/4/2022 7:00:00 PM,76
5/4/2022 8:00:00 PM,95
5/4/2022 9:00:00 PM,70
5/4/2022 10:00:00 PM,71
5/4/2022 11:00:00 PM,64
5/5/2022 12:00:00 AM,64
5/5/2022 1:00:00 AM,64
5/5/2022 2:00:00 AM,65
5/5/2022 3:00:00 AM,64
5/5/2022 4:00:00 AM,64
5/5/2022 5:00:00 AM,64
5/5/2022 6:00:00 AM,64
5/5/2022 7:00:00 AM,176
5/5/2022 8:00:00 AM,150
5/5/2022 9:00:00 AM,90
5/5/2022 10:00:00 AM,117
5/5/2022 11:00:00 AM,73
5/5/2022 12:00:00 PM,86
5/5/2022 1:00:00 PM,67
5/5/2022 2:00:00 PM,71
5/5/2022 3:00:00 PM,130
5/5/2022 4:00:00 PM,200
5/5/2022 5:00:00 PM,185
5/5/2022 6:00:00 PM,190
5/5/2022 7:00:00 PM,107
5/5/2022 8:00:00 PM,130
5/5/2022 9:00:00 PM,64
5/5/2022 10:00:00 PM,64
5/5/2022 11:00:00 PM,64
5/6/2022 12:00:00 AM,64
5/6/2022 1:00:00 AM,64
5/6/2022 2:00:00 AM,64
5/6/2022 3:00:00 AM,84
5/6/2022 4:00:00 AM,66
5/6/2022 5:00:00 AM,69
5/6/2022 6:00:00 AM,180
5/6/2022 7:00:00 AM,238
5/6/2022 8:00:00 AM,142
5/6/2022 9:00:00 AM,187
5/6/2022 10:00:00 AM,201
5/6/2022 11:00:00 AM,147
5/6/2022 12:00:00 PM,170
5/6/2022 1:00:00 PM,174
5/6/2022 2:00:00 PM,81
5/6/2022 3:00:00 PM,68
5/6/2022 4:00:00 PM,187
5/6/2022 5:00:00 PM,93
5/6/2022 6:00:00 PM,116
5/6/2022 7:00:00 PM,173
5/6/2022 8:00:00 PM,203
5/6/2022 9:00:00 PM,86
5/6/2022 10:00:00 PM,100
5/6/2022 11:00:00 PM,72
5/7/2022 12:00:00 AM,64
5/7/2022 1:00:00 AM,64
5/7/2022 2:00:00 AM,65
5/7/2022 3:00:00 AM,65
5/7/2022 4:00:00 AM,71
5/7/2022 5:00:00 AM,66
5/7/2022 6:00:00 AM,68
5/7/2022 7:00:00 AM,156
5/7/2022 8:00:00 AM,163
5/7/2022 9:00:00 AM,152
5/7/2022 10:00:00 AM,210
5/7/2022 11:00:00 AM,152
5/7/2022 12:00:00 PM,215
5/7/2022 1:00:00 PM,82
5/7/2022 2:00:00 PM,107
5/7/2022 3:00:00 PM,80
5/7/2022 4:00:00 PM,67
5/7/2022 5:00:00 PM,64
5/7/2022 6:00:00 PM,64
5/7/2022 7:00:00 PM,64
5/7/2022 8:00:00 PM,64
5/7/2022 9:00:00 PM,375
5/7/2022 10:00:00 PM,209
5/7/2022 11:00:00 PM,89
5/8/2022 12:00:00 AM,64
5/8/2022 1:00:00 AM,64
5/8/2022 2:00:00 AM,66
5/8/2022 3:00:00 AM,69
5/8/2022 4:00:00 AM,65
5/8/2022 5:00:00 AM,64
5/8/2022 6:00:00 AM,64
5/8/2022 7:00:00 AM,76
5/8/2022 8:00:00 AM,145
5/8/2022 9:00:00 AM,95
5/8/2022 10:00:00 AM,104
5/8/2022 11:00:00 AM,90
5/8/2022 12:00:00 PM,74
5/8/2022 1:00:00 PM,74
5/8/2022 2:00:00 PM,81
5/8/2022 3:00:00 PM,66
5/8/2022 4:00:00 PM,65
5/8/2022 5:00:00 PM,109
5/8/2022 6:00:00 PM,126
5/8/2022 7:00:00 PM,83
5/8/2022 8:00:00 PM,161
5/8/2022 9:00:00 PM,136
5/8/2022 10:00:00 PM,75
5/8/2022 11:00:00 PM,94
5/9/2022 12:00:00 AM,64
5/9/2022 1:00:00 AM,64
5/9/2022 2:00:00 AM,64
5/9/2022 3:00:00 AM,64
5/9/2022 4:00:00 AM,76
5/9/2022 5:00:00 AM,130
5/9/2022 6:00:00 AM,67
5/9/2022 7:00:00 AM,264
5/9/2022 8:00:00 AM,197
5/9/2022 9:00:00 AM,214
5/9/2022 10:00:00 AM,221
5/9/2022 11:00:00 AM,94
5/9/2022 12:00:00 PM,188
5/9/2022 1:00:00 PM,137
5/9/2022 2:00:00 PM,198
5/9/2022 3:00:00 PM,81
5/9/2022 4:00:00 PM,131
5/9/2022 5:00:00 PM,146
5/9/2022 6:00:00 PM,138
5/9/2022 7:00:00 PM,272
5/9/2022 8:00:00 PM,94
5/9/2022 9:00:00 PM,95
5/9/2022 10:00:00 PM,79
5/9/2022 11:00:00 PM,167
5/10/2022 12:00:00 AM,71
5/10/2022 1:00:00 AM,80
5/10/2022 2:00:00 AM,64
5/10/2022 3:00:00 AM,64
5/10/2022 4:00:00 AM,65
5/10/2022 5:00:00 AM,66
5/10/2022 6:00:00 AM,84
5/10/2022 7:00:00 AM,194
5/10/2022 8:00:00 AM,282
5/10/2022 9:00:00 AM,176
5/10/2022 10:00:00 AM,177
5/10/2022 11:00:00 AM,64
5/10/2022 12:00:00 PM,68
5/10/2022 1:00:00 PM,68
5/10/2022 2:00:00 PM,76
5/10/2022 3:00:00 PM,76
5/10/2022 4:00:00 PM,152
5/10/2022 5:00:00 PM,229
5/10/2022 6:00:00 PM,185
5/10/2022 7:00:00 PM,235
5/10/2022 8:00:00 PM,226
5/10/2022 9:00:00 PM,121
5/10/2022 10:00:00 PM,189
5/10/2022 11:00:00 PM,69
5/11/2022 12:00:00 AM,64
5/11/2022 1:00:00 AM,64
5/11/2022 2:00:00 AM,64
5/11/2022 3:00:00 AM,64
5/11/2022 4:00:00 AM,66
5/11/2022 5:00:00 AM,64
5/11/2022 6:00:00 AM,64
5/11/2022 7:00:00 AM,144
5/11/2022 8:00:00 AM,195
5/11/2022 9:00:00 AM,131
5/11/2022 10:00:00 AM,218
5/11/2022 11:00:00 AM,184
5/11/2022 12:00:00 PM,194
5/11/2022 1:00:00 PM,168
5/11/2022 2:00:00 PM,130
5/11/2022 3:00:00 PM,104
5/11/2022 4:00:00 PM,74
5/11/2022 5:00:00 PM,74
5/11/2022 6:00:00 PM,214
5/11/2022 7:00:00 PM,229
5/11/2022 8:00:00 PM,111
5/11/2022 9:00:00 PM,102
5/11/2022 10:00:00 PM,68
5/11/2022 11:00:00 PM,64
5/12/2022 12:00:00 AM,64
5/12/2022 1:00:00 AM,64
5/12/2022 2:00:00 AM,64
5/12/2022 3:00:00 AM,64
5/12/2022 4:00:00 AM,64
5/12/2022 5:00:00 AM,64
5/12/2022 6:00:00 AM,81
5/12/2022 7:00:00 AM,246
5/12/2022 8:00:00 AM,143
5/12/2022 9:00:00 AM,98
5/12/2022 10:00:00 AM,95
5/12/2022 11:00:00 AM,79
5/12/2022 12:00:00 PM,246
5/12/2022 1:00:00 PM,187
5/12/2022 2:00:00 PM,167
5/12/2022 3:00:00 PM,265
5/12/2022 4:00:00 PM,71
5/12/2022 5:00:00 PM,86
5/12/2022 6:00:00 PM,218
5/12/2022 7:00:00 PM,285
5/12/2022 8:00:00 PM,266
5/12/2022 9:00:00 PM,152
5/12/2022 10:00:00 PM,76
5/12/2022 11:00:00 PM,67
5/13/2022 12:00:00 AM,64
5/13/2022 1:00:00 AM,64
5/13/2022 2:00:00 AM,64
5/13/2022 3:00:00 AM,67
5/13/2022 4:00:00 AM,65
5/13/2022 5:00:00 AM,74
5/13/2022 6:00:00 AM,64
5/13/2022 7:00:00 AM,64
5/13/2022 8:00:00 AM,64
5/13/2022 9:00:00 AM,64
5/13/2022 10:00:00 AM,64
5/13/2022 11:00:00 AM,66
5/13/2022 12:00:00 PM,64
5/13/2022 1:00:00 PM,102
5/13/2022 2:00:00 PM,82
5/13/2022 3:00:00 PM,78
5/13/2022 4:00:00 PM,150
5/13/2022 5:00:00 PM,197
5/13/2022 6:00:00 PM,105
5/13/2022 7:00:00 PM,205
5/13/2022 8:00:00 PM,163
5/13/2022 9:00:00 PM,186
5/13/2022 10:00:00 PM,148
5/13/2022 11:00:00 PM,72
5/14/2022 12:00:00 AM,64
5/14/2022 1:00:00 AM,64
5/14/2022 2:00:00 AM,64
5/14/2022 3:00:00 AM,66
5/14/2022 4:00:00 AM,64
5/14/2022 5:00:00 AM,65
5/14/2022 6:00:00 AM,72
5/14/2022 7:00:00 AM,183
5/14/2022 8:00:00 AM,148
5/14/2022 9:00:00 AM,126
5/14/2022 10:00:00 AM,126
5/14/2022 11:00:00 AM,93
5/14/2022 12:00:00 PM,137
5/14/2022 1:00:00 PM,190
5/14/2022 2:00:00 PM,70
5/14/2022 3:00:00 PM,98
5/14/2022 4:00:00 PM,65
5/14/2022 5:00:00 PM,225
5/14/2022 6:00:00 PM,80
5/14/2022 7:00:00 PM,114
5/14/2022 8:00:00 PM,173
5/14/2022 9:00:00 PM,170
5/14/2022 10:00:00 PM,251
5/14/2022 11:00:00 PM,89
5/15/2022 12:00:00 AM,66
5/15/2022 1:00:00 AM,72
5/15/2022 2:00:00 AM,68
5/15/2022 3:00:00 AM,73
5/15/2022 4:00:00 AM,71
5/15/2022 5:00:00 AM,65
5/15/2022 6:00:00 AM,64
5/15/2022 7:00:00 AM,133
5/15/2022 8:00:00 AM,67
5/15/2022 9:00:00 AM,139
5/15/2022 10:00:00 AM,128
5/15/2022 11:00:00 AM,209
5/15/2022 12:00:00 PM,73
5/15/2022 1:00:00 PM,75
5/15/2022 2:00:00 PM,146
5/15/2022 3:00:00 PM,112
5/15/2022 4:00:00 PM,78
5/15/2022 5:00:00 PM,88
5/15/2022 6:00:00 PM,133
5/15/2022 7:00:00 PM,267
5/15/2022 8:00:00 PM,166
5/15/2022 9:00:00 PM,175
5/15/2022 10:00:00 PM,64
5/15/2022 11:00:00 PM,64
5/16/2022 12:00:00 AM,64
5/16/2022 1:00:00 AM,64
5/16/2022 2:00:00 AM,64
5/16/2022 3:00:00 AM,64
5/16/2022 4:00:00 AM,64
5/16/2022 5:00:00 AM,64
5/16/2022 6:00:00 AM,111
5/16/2022 7:00:00 AM,276
5/16/2022 8:00:00 AM,245
5/16/2022 9:00:00 AM,171
5/16/2022 10:00:00 AM,200
5/16/2022 11:00:00 AM,218
5/16/2022 12:00:00 PM,167
5/16/2022 1:00:00 PM,204
5/16/2022 2:00:00 PM,252
5/16/2022 3:00:00 PM,71
5/16/2022 4:00:00 PM,82
5/16/2022 5:00:00 PM,73
5/16/2022 6:00:00 PM,197
5/16/2022 7:00:00 PM,227
5/16/2022 8:00:00 PM,111
5/16/2022 9:00:00 PM,168
5/16/2022 10:00:00 PM,303
5/16/2022 11:00:00 PM,212
5/17/2022 12:00:00 AM,74
5/17/2022 1:00:00 AM,64
5/17/2022 2:00:00 AM,69
5/17/2022 3:00:00 AM,69
5/17/2022 4:00:00 AM,86
5/17/2022 5:00:00 AM,64
5/17/2022 6:00:00 AM,64
5/17/2022 7:00:00 AM,120
5/17/2022 8:00:00 AM,209
5/17/2022 9:00:00 AM,199
5/17/2022 10:00:00 AM,218
5/17/2022 11:00:00 AM,255
5/17/2022 12:00:00 PM,145
5/17/2022 1:00:00 PM,275
5/17/2022 2:00:00 PM,223
5/17/2022 3:00:00 PM,90
5/17/2022 4:00:00 PM,165
5/17/2022 5:00:00 PM,174
5/17/2022 6:00:00 PM,210
5/17/2022 7:00:00 PM,146
5/17/2022 8:00:00 PM,123
5/17/2022 9:00:00 PM,273
5/17/2022 10:00:00 PM,215
5/17/2022 11:00:00 PM,64
5/18/2022 12:00:00 AM,64
5/18/2022 1:00:00 AM,64
5/18/2022 2:00:00 AM,64
5/18/2022 3:00:00 AM,64
5/18/2022 4:00:00 AM,64
5/18/2022 5:00:00 AM,64
5/18/2022 6:00:00 AM,93
5/18/2022 7:00:00 AM,226
5/18/2022 8:00:00 AM,178
5/18/2022 9:00:00 AM,253
5/18/2022 10:00:00 AM,271
5/18/2022 11:00:00 AM,194
5/18/2022 12:00:00 PM,275
5/18/2022 1:00:00 PM,79
5/18/2022 2:00:00 PM,75
5/18/2022 3:00:00 PM,102
5/18/2022 4:00:00 PM,119
5/18/2022 5:00:00 PM,265
5/18/2022 6:00:00 PM,166
5/18/2022 7:00:00 PM,135
5/18/2022 8:00:00 PM,76
5/18/2022 9:00:00 PM,201
5/18/2022 10:00:00 PM,278
5/18/2022 11:00:00 PM,71
5/19/2022 12:00:00 AM,71
5/19/2022 1:00:00 AM,74
5/19/2022 2:00:00 AM,65
5/19/2022 3:00:00 AM,64
5/19/2022 4:00:00 AM,66
5/19/2022 5:00:00 AM,70
5/19/2022 6:00:00 AM,80
5/19/2022 7:00:00 AM,252
5/19/2022 8:00:00 AM,157
5/19/2022 9:00:00 AM,118
5/19/2022 10:00:00 AM,199
5/19/2022 11:00:00 AM,152
5/19/2022 12:00:00 PM,104
5/19/2022 1:00:00 PM,184
5/19/2022 2:00:00 PM,98
5/19/2022 3:00:00 PM,118
5/19/2022 4:00:00 PM,95
5/19/2022 5:00:00 PM,237
5/19/2022 6:00:00 PM,182
5/19/2022 7:00:00 PM,185
5/19/2022 8:00:00 PM,466
5/19/2022 9:00:00 PM,168
5/19/2022 10:00:00 PM,83
5/19/2022 11:00:00 PM,75
5/20/2022 12:00:00 AM,64
5/20/2022 1:00:00 AM,66
5/20/2022 2:00:00 AM,66
5/20/2022 3:00:00 AM,72
5/20/2022 4:00:00 AM,65
5/20/2022 5:00:00 AM,73
5/20/2022 6:00:00 AM,64
5/20/2022 7:00:00 AM,160
5/20/2022 8:00:00 AM,177
5/20/2022 9:00:00 AM,234
5/20/2022 10:00:00 AM,227
5/20/2022 11:00:00 AM,190
5/20/2022 12:00:00 PM,176
5/20/2022 1:00:00 PM,225
5/20/2022 2:00:00 PM,107
5/20/2022 3:00:00 PM,108
5/20/2022 4:00:00 PM,77
5/20/2022 5:00:00 PM,195
5/20/2022 6:00:00 PM,124
5/20/2022 7:00:00 PM,139
5/20/2022 8:00:00 PM,443
5/20/2022 9:00:00 PM,204
5/20/2022 10:00:00 PM,193
5/20/2022 11:00:00 PM,95
5/21/2022 12:00:00 AM,64
5/21/2022 1:00:00 AM,64
5/21/2022 2:00:00 AM,64
5/21/2022 3:00:00 AM,64
5/21/2022 4:00:00 AM,102
5/21/2022 5:00:00 AM,64
5/21/2022 6:00:00 AM,64
5/21/2022 7:00:00 AM,240
5/21/2022 8:00:00 AM,194
5/21/2022 9:00:00 AM,207
5/21/2022 10:00:00 AM,114
5/21/2022 11:00:00 AM,116
5/21/2022 12:00:00 PM,243
5/21/2022 1:00:00 PM,156
5/21/2022 2:00:00 PM,88
5/21/2022 3:00:00 PM,71
5/21/2022 4:00:00 PM,75
5/21/2022 5:00:00 PM,129
5/21/2022 6:00:00 PM,228
5/21/2022 7:00:00 PM,142
5/21/2022 8:00:00 PM,448
5/21/2022 9:00:00 PM,208
5/21/2022 10:00:00 PM,113
5/21/2022 11:00:00 PM,92
5/22/2022 12:00:00 AM,81
5/22/2022 1:00:00 AM,72
5/22/2022 2:00:00 AM,71
5/22/2022 3:00:00 AM,65
5/22/2022 4:00:00 AM,71
5/22/2022 5:00:00 AM,150
5/22/2022 6:00:00 AM,77
5/22/2022 7:00:00 AM,64
5/22/2022 8:00:00 AM,64
5/22/2022 9:00:00 AM,64
5/22/2022 10:00:00 AM,72
5/22/2022 11:00:00 AM,75
5/22/2022 12:00:00 PM,230
5/22/2022 1:00:00 PM,207
5/22/2022 2:00:00 PM,157
5/22/2022 3:00:00 PM,139
5/22/2022 4:00:00 PM,84
5/22/2022 5:00:00 PM,82
5/22/2022 6:00:00 PM,314
5/22/2022 7:00:00 PM,180
5/22/2022 8:00:00 PM,158
5/22/2022 9:00:00 PM,282
5/22/2022 10:00:00 PM,146
5/22/2022 11:00:00 PM,135
5/23/2022 12:00:00 AM,66
5/23/2022 1:00:00 AM,65
5/23/2022 2:00:00 AM,69
5/23/2022 3:00:00 AM,91
5/23/2022 4:00:00 AM,69
5/23/2022 5:00:00 AM,76
5/23/2022 6:00:00 AM,64
5/23/2022 7:00:00 AM,217
5/23/2022 8:00:00 AM,176
5/23/2022 9:00:00 AM,290
5/23/2022 10:00:00 AM,216
5/23/2022 11:00:00 AM,75
5/23/2022 12:00:00 PM,245
5/23/2022 1:00:00 PM,182
5/23/2022 2:00:00 PM,215
5/23/2022 3:00:00 PM,122
5/23/2022 4:00:00 PM,180
5/23/2022 5:00:00 PM,203
5/23/2022 6:00:00 PM,221
5/23/2022 7:00:00 PM,284
5/23/2022 8:00:00 PM,218
5/23/2022 9:00:00 PM,115
5/23/2022 10:00:00 PM,91
5/23/2022 11:00:00 PM,103
5/24/2022 12:00:00 AM,64
5/24/2022 1:00:00 AM,64
5/24/2022 2:00:00 AM,64
5/24/2022 3:00:00 AM,67
5/24/2022 4:00:00 AM,82
5/24/2022 5:00:00 AM,79
5/24/2022 6:00:00 AM,114
5/24/2022 7:00:00 AM,238
5/24/2022 8:00:00 AM,263
5/24/2022 9:00:00 AM,177
5/24/2022 10:00:00 AM,169
5/24/2022 11:00:00 AM,136
5/24/2022 12:00:00 PM,204
5/24/2022 1:00:00 PM,169
5/24/2022 2:00:00 PM,256
5/24/2022 3:00:00 PM,82
5/24/2022 4:00:00 PM,150
5/24/2022 5:00:00 PM,206
5/24/2022 6:00:00 PM,194
5/24/2022 7:00:00 PM,176
5/24/2022 8:00:00 PM,176
5/24/2022 9:00:00 PM,166
5/24/2022 10:00:00 PM,94
5/24/2022 11:00:00 PM,98
5/25/2022 12:00:00 AM,74
5/25/2022 1:00:00 AM,93
5/25/2022 2:00:00 AM,64
5/25/2022 3:00:00 AM,65
5/25/2022 4:00:00 AM,122
5/25/2022 5:00:00 AM,126
5/25/2022 6:00:00 AM,81
5/25/2022 7:00:00 AM,204
5/25/2022 8:00:00 AM,238
5/25/2022 9:00:00 AM,181
5/25/2022 10:00:00 AM,183
5/25/2022 11:00:00 AM,205
5/25/2022 12:00:00 PM,123
5/25/2022 1:00:00 PM,69
5/25/2022 2:00:00 PM,117
5/25/2022 3:00:00 PM,73
5/25/2022 4:00:00 PM,120
5/25/2022 5:00:00 PM,118
5/25/2022 6:00:00 PM,123
5/25/2022 7:00:00 PM,113
5/25/2022 8:00:00 PM,399
5/25/2022 9:00:00 PM,161
5/25/2022 10:00:00 PM,64
5/25/2022 11:00:00 PM,64
5/26/2022 12:00:00 AM,64
5/26/2022 1:00:00 AM,64
5/26/2022 2:00:00 AM,64
5/26/2022 3:00:00 AM,64
5/26/2022 4:00:00 AM,64
5/26/2022 5:00:00 AM,64
5/26/2022 6:00:00 AM,75
5/26/2022 7:00:00 AM,90
5/26/2022 8:00:00 AM,172
5/26/2022 9:00:00 AM,272
5/26/2022 10:00:00 AM,73
5/26/2022 11:00:00 AM,214
5/26/2022 12:00:00 PM,88
5/26/2022 1:00:00 PM,78
5/26/2022 2:00:00 PM,165
5/26/2022 3:00:00 PM,283
5/26/2022 4:00:00 PM,173
5/26/2022 5:00:00 PM,143
5/26/2022 6:00:00 PM,99
5/26/2022 7:00:00 PM,125
5/26/2022 8:00:00 PM,135
5/26/2022 9:00:00 PM,207
5/26/2022 10:00:00 PM,112
5/26/2022 11:00:00 PM,91
5/27/2022 12:00:00 AM,149
5/27/2022 1:00:00 AM,118
5/27/2022 2:00:00 AM,122
5/27/2022 3:00:00 AM,102
5/27/2022 4:00:00 AM,232
5/27/2022 5:00:00 AM,73
5/27/2022 6:00:00 AM,66
5/27/2022 7:00:00 AM,69
5/27/2022 8:00:00 AM,113
5/27/2022 9:00:00 AM,176
5/27/2022 10:00:00 AM,192
5/27/2022 11:00:00 AM,269
5/27/2022 12:00:00 PM,303
5/27/2022 1:00:00 PM,174
5/27/2022 2:00:00 PM,142
5/27/2022 3:00:00 PM,116
5/27/2022 4:00:00 PM,64
5/27/2022 5:00:00 PM,64
5/27/2022 6:00:00 PM,244
5/27/2022 7:00:00 PM,220
5/27/2022 8:00:00 PM,260
5/27/2022 9:00:00 PM,139
5/27/2022 10:00:00 PM,146
5/27/2022 11:00:00 PM,64
5/28/2022 12:00:00 AM,64
5/28/2022 1:00:00 AM,64
5/28/2022 2:00:00 AM,64
5/28/2022 3:00:00 AM,64
5/28/2022 4:00:00 AM,64
5/28/2022 5:00:00 AM,64
5/28/2022 6:00:00 AM,64
5/28/2022 7:00:00 AM,64
5/28/2022 8:00:00 AM,64
5/28/2022 9:00:00 AM,64
5/28/2022 10:00:00 AM,67
5/28/2022 11:00:00 AM,64
5/28/2022 12:00:00 PM,95
5/28/2022 1:00:00 PM,95
5/28/2022 2:00:00 PM,245
5/28/2022 3:00:00 PM,64
5/28/2022 4:00:00 PM,64
5/28/2022 5:00:00 PM,64
5/28/2022 6:00:00 PM,64
5/28/2022 7:00:00 PM,64
5/28/2022 8:00:00 PM,64
5/28/2022 9:00:00 PM,64
5/28/2022 10:00:00 PM,64
5/28/2022 11:00:00 PM,64
5/29/2022 12:00:00 AM,64
5/29/2022 1:00:00 AM,64
5/29/2022 2:00:00 AM,64
5/29/2022 3:00:00 AM,64
5/29/2022 4:00:00 AM,64
5/29/2022 5:00:00 AM,64
5/29/2022 6:00:00 AM,64
5/29/2022 7:00:00 AM,64
5/29/2022 8:00:00 AM,64
5/29/2022 9:00:00 AM,64
5/29/2022 10:00:00 AM,94
5/29/2022 11:00:00 AM,227
5/29/2022 12:00:00 PM,331
5/29/2022 1:00:00 PM,273
5/29/2022 2:00:00 PM,165
5/29/2022 3:00:00 PM,231
5/29/2022 4:00:00 PM,163
5/29/2022 5:00:00 PM,224
5/29/2022 6:00:00 PM,149
5/29/2022 7:00:00 PM,183
5/29/2022 8:00:00 PM,182
5/29/2022 9:00:00 PM,128
5/29/2022 10:00:00 PM,153
5/29/2022 11:00:00 PM,120
5/30/2022 12:00:00 AM,64
5/30/2022 1:00:00 AM,64
5/30/2022 2:00:00 AM,64
5/30/2022 3:00:00 AM,64
5/30/2022 4:00:00 AM,64
5/30/2022 5:00:00 AM,66
5/30/2022 6:00:00 AM,253
5/30/2022 7:00:00 AM,75
5/30/2022 8:00:00 AM,68
5/30/2022 9:00:00 AM,75
5/30/2022 10:00:00 AM,112
5/30/2022 11:00:00 AM,213
5/30/2022 12:00:00 PM,173
5/30/2022 1:00:00 PM,243
5/30/2022 2:00:00 PM,133
5/30/2022 3:00:00 PM,193
5/30/2022 4:00:00 PM,226
5/30/2022 5:00:00 PM,272
5/30/2022 6:00:00 PM,157
5/30/2022 7:00:00 PM,96
5/30/2022 8:00:00 PM,200
5/30/2022 9:00:00 PM,180
5/30/2022 10:00:00 PM,102
5/30/2022 11:00:00 PM,229
5/31/2022 12:00:00 AM,93
5/31/2022 1:00:00 AM,64
5/31/2022 2:00:00 AM,64
5/31/2022 3:00:00 AM,64
5/31/2022 4:00:00 AM,64
5/31/2022 5:00:00 AM,66
5/31/2022 6:00:00 AM,251
5/31/2022 7:00:00 AM,186
5/31/2022 8:00:00 AM,70
5/31/2022 9:00:00 AM,143
5/31/2022 10:00:00 AM,109
5/31/2022 11:00:00 AM,145
5/31/2022 12:00:00 PM,153
5/31/2022 1:00:00 PM,160
5/31/2022 2:00:00 PM,101
5/31/2022 3:00:00 PM,206
5/31/2022 4:00:00 PM,191
5/31/2022 5:00:00 PM,133
5/31/2022 6:00:00 PM,137
5/31/2022 7:00:00 PM,97
5/31/2022 8:00:00 PM,87
5/31/2022 9:00:00 PM,160
5/31/2022 10:00:00 PM,223
5/31/2022 11:00:00 PM,290
6/1/2022 12:00:00 AM,205
6/1/2022 1:00:00 AM,136
6/1/2022 2:00:00 AM,191
6/1/2022 3:00:00 AM,96
6/1/2022 4:00:00 AM,107
6/1/2022 5:00:00 AM,189
6/1/2022 6:00:00 AM,114
6/1/2022 7:00:00 AM,161
6/1/2022 8:00:00 AM,196
6/1/2022 9:00:00 AM,247
6/1/2022 10:00:00 AM,162
6/1/2022 11:00:00 AM,219
6/1/2022 12:00:00 PM,75
6/1/2022 1:00:00 PM,73
6/1/2022 2:00:00 PM,68
6/1/2022 3:00:00 PM,73
6/1/2022 4:00:00 PM,80
6/1/2022 5:00:00 PM,69
6/1/2022 6:00:00 PM,188
6/1/2022 7:00:00 PM,115
6/1/2022 8:00:00 PM,230
6/1/2022 9:00:00 PM,184
6/1/2022 10:00:00 PM,200
6/1/2022 11:00:00 PM,93
6/2/2022 12:00:00 AM,65
6/2/2022 1:00:00 AM,84
6/2/2022 2:00:00 AM,73
6/2/2022 3:00:00 AM,71
6/2/2022 4:00:00 AM,69
6/2/2022 5:00:00 AM,65
6/2/2022 6:00:00 AM,78
6/2/2022 7:00:00 AM,116
6/2/2022 8:00:00 AM,122
6/2/2022 9:00:00 AM,84
6/2/2022 10:00:00 AM,94
6/2/2022 11:00:00 AM,69
6/2/2022 12:00:00 PM,67
6/2/2022 1:00:00 PM,117
6/2/2022 2:00:00 PM,143
6/2/2022 3:00:00 PM,87
6/2/2022 4:00:00 PM,96
6/2/2022 5:00:00 PM,333
6/2/2022 6:00:00 PM,402
6/2/2022 7:00:00 PM,89
6/2/2022 8:00:00 PM,315
6/2/2022 9:00:00 PM,141
6/2/2022 10:00:00 PM,109
6/2/2022 11:00:00 PM,70
6/3/2022 12:00:00 AM,68
6/3/2022 1:00:00 AM,68
6/3/2022 2:00:00 AM,68
6/3/2022 3:00:00 AM,70
6/3/2022 4:00:00 AM,86
6/3/2022 5:00:00 AM,79
6/3/2022 6:00:00 AM,65
6/3/2022 7:00:00 AM,218
6/3/2022 8:00:00 AM,229
6/3/2022 9:00:00 AM,196
6/3/2022 10:00:00 AM,328
6/3/2022 11:00:00 AM,214
6/3/2022 12:00:00 PM,313
6/3/2022 1:00:00 PM,253
6/3/2022 2:00:00 PM,103
6/3/2022 3:00:00 PM,77
6/3/2022 4:00:00 PM,214
6/3/2022 5:00:00 PM,102
6/3/2022 6:00:00 PM,100
6/3/2022 7:00:00 PM,98
6/3/2022 8:00:00 PM,235
6/3/2022 9:00:00 PM,113
6/3/2022 10:00:00 PM,83
6/3/2022 11:00:00 PM,131
6/4/2022 12:00:00 AM,101
6/4/2022 1:00:00 AM,64
6/4/2022 2:00:00 AM,64
6/4/2022 3:00:00 AM,64
6/4/2022 4:00:00 AM,64
6/4/2022 5:00:00 AM,66
6/4/2022 6:00:00 AM,65
6/4/2022 7:00:00 AM,64
6/4/2022 8:00:00 AM,64
6/4/2022 9:00:00 AM,64
6/4/2022 10:00:00 AM,64
6/4/2022 11:00:00 AM,64
6/4/2022 12:00:00 PM,64
6/4/2022 1:00:00 PM,64
6/4/2022 2:00:00 PM,64
6/4/2022 3:00:00 PM,64
6/4/2022 4:00:00 PM,64
6/4/2022 5:00:00 PM,64
6/4/2022 6:00:00 PM,64
6/4/2022 7:00:00 PM,64
6/4/2022 8:00:00 PM,64
6/4/2022 9:00:00 PM,64
6/4/2022 10:00:00 PM,64
6/4/2022 11:00:00 PM,64
6/5/2022 12:00:00 AM,64
6/5/2022 1:00:00 AM,64
6/5/2022 2:00:00 AM,64
6/5/2022 3:00:00 AM,64
6/5/2022 4:00:00 AM,64
6/5/2022 5:00:00 AM,64
6/5/2022 6:00:00 AM,64
6/5/2022 7:00:00 AM,64
6/5/2022 8:00:00 AM,64
6/5/2022 9:00:00 AM,64
6/5/2022 10:00:00 AM,64
6/5/2022 11:00:00 AM,64
6/5/2022 12:00:00 PM,64
6/5/2022 1:00:00 PM,64
6/5/2022 2:00:00 PM,64
6/5/2022 3:00:00 PM,64
6/5/2022 4:00:00 PM,64
6/5/2022 5:00:00 PM,64
6/5/2022 6:00:00 PM,64
6/5/2022 7:00:00 PM,64
6/5/2022 8:00:00 PM,64
6/5/2022 9:00:00 PM,64
6/5/2022 10:00:00 PM,64
6/5/2022 11:00:00 PM,64
6/6/2022 12:00:00 AM,64
6/6/2022 1:00:00 AM,64
6/6/2022 2:00:00 AM,64
6/6/2022 3:00:00 AM,64
6/6/2022 4:00:00 AM,64
6/6/2022 5:00:00 AM,64
6/6/2022 6:00:00 AM,64
6/6/2022 7:00:00 AM,64
6/6/2022 8:00:00 AM,64
6/6/2022 9:00:00 AM,64
6/6/2022 10:00:00 AM,64
6/6/2022 11:00:00 AM,64
6/6/2022 12:00:00 PM,64
6/6/2022 1:00:00 PM,64
6/6/2022 2:00:00 PM,64
6/6/2022 3:00:00 PM,64
6/6/2022 4:00:00 PM,64
6/6/2022 5:00:00 PM,64
6/6/2022 6:00:00 PM,64
6/6/2022 7:00:00 PM,64
6/6/2022 8:00:00 PM,64
6/6/2022 9:00:00 PM,64
6/6/2022 10:00:00 PM,64
6/6/2022 11:00:00 PM,64
6/7/2022 12:00:00 AM,64
6/7/2022 1:00:00 AM,64
6/7/2022 2:00:00 AM,64
6/7/2022 3:00:00 AM,64
6/7/2022 4:00:00 AM,64
6/7/2022 5:00:00 AM,64
6/7/2022 6:00:00 AM,64
6/7/2022 7:00:00 AM,64
6/7/2022 8:00:00 AM,64
6/7/2022 9:00:00 AM,64
6/7/2022 10:00:00 AM,64
6/7/2022 11:00:00 AM,64
6/7/2022 12:00:00 PM,64
6/7/2022 1:00:00 PM,64
6/7/2022 2:00:00 PM,64
6/7/2022 3:00:00 PM,64
6/7/2022 4:00:00 PM,64
6/7/2022 5:00:00 PM,64
6/7/2022 6:00:00 PM,64
6/7/2022 7:00:00 PM,64
6/7/2022 8:00:00 PM,64
6/7/2022 9:00:00 PM,64
6/7/2022 10:00:00 PM,64
6/7/2022 11:00:00 PM,64
6/8/2022 12:00:00 AM,64
6/8/2022 1:00:00 AM,64
6/8/2022 2:00:00 AM,64
6/8/2022 3:00:00 AM,64
6/8/2022 4:00:00 AM,64
6/8/2022 5:00:00 AM,64
6/8/2022 6:00:00 AM,64
6/8/2022 7:00:00 AM,64
6/8/2022 8:00:00 AM,64
6/8/2022 9:00:00 AM,64
6/8/2022 10:00:00 AM,64
6/8/2022 11:00:00 AM,64
6/8/2022 12:00:00 PM,64
6/8/2022 1:00:00 PM,64
6/8/2022 2:00:00 PM,64
6/8/2022 3:00:00 PM,64
6/8/2022 4:00:00 PM,64
6/8/2022 5:00:00 PM,64
6/8/2022 6:00:00 PM,64
6/8/2022 7:00:00 PM,64
6/8/2022 8:00:00 PM,64
6/8/2022 9:00:00 PM,64
6/8/2022 10:00:00 PM,64
6/8/2022 11:00:00 PM,64
6/9/2022 12:00:00 AM,64
6/9/2022 1:00:00 AM,64
6/9/2022 2:00:00 AM,64
6/9/2022 3:00:00 AM,64
6/9/2022 4:00:00 AM,64
6/9/2022 5:00:00 AM,64
6/9/2022 6:00:00 AM,64
6/9/2022 7:00:00 AM,64
6/9/2022 8:00:00 AM,64
6/9/2022 9:00:00 AM,64
6/9/2022 10:00:00 AM,64
6/9/2022 11:00:00 AM,64
6/9/2022 12:00:00 PM,64
6/9/2022 1:00:00 PM,64
6/9/2022 2:00:00 PM,64
6/9/2022 3:00:00 PM,64
6/9/2022 4:00:00 PM,64
6/9/2022 5:00:00 PM,64
6/9/2022 6:00:00 PM,64
6/9/2022 7:00:00 PM,64
6/9/2022 8:00:00 PM,64
6/9/2022 9:00:00 PM,64
6/9/2022 10:00:00 PM,64
6/9/2022 11:00:00 PM,64
6/10/2022 12:00:00 AM,64
6/10/2022 1:00:00 AM,64
6/10/2022 2:00:00 AM,64
6/10/2022 3:00:00 AM,64
6/10/2022 4:00:00 AM,64
6/10/2022 5:00:00 AM,64
6/10/2022 6:00:00 AM,64
6/10/2022 7:00:00 AM,64
6/10/2022 8:00:00 AM,64
6/10/2022 9:00:00 AM,64
6/10/2022 10:00:00 AM,64
6/10/2022 11:00:00 AM,64
6/10/2022 12:00:00 PM,64
6/10/2022 1:00:00 PM,64
6/10/2022 2:00:00 PM,64
6/10/2022 3:00:00 PM,64
6/10/2022 4:00:00 PM,64
6/10/2022 5:00:00 PM,64
6/10/2022 6:00:00 PM,64
6/10/2022 7:00:00 PM,64
6/10/2022 8:00:00 PM,64
6/10/2022 9:00:00 PM,64
6/10/2022 10:00:00 PM,64
6/10/2022 11:00:00 PM,64
6/11/2022 12:00:00 AM,64
6/11/2022 1:00:00 AM,64
6/11/2022 2:00:00 AM,64
6/11/2022 3:00:00 AM,64
6/11/2022 4:00:00 AM,64
6/11/2022 5:00:00 AM,64
6/11/2022 6:00:00 AM,64
6/11/2022 7:00:00 AM,64
6/11/2022 8:00:00 AM,64
6/11/2022 9:00:00 AM,64
6/11/2022 10:00:00 AM,64
6/11/2022 11:00:00 AM,64
6/11/2022 12:00:00 PM,64
6/11/2022 1:00:00 PM,64
6/11/2022 2:00:00 PM,65
6/11/2022 3:00:00 PM,124
6/11/2022 4:00:00 PM,78
6/11/2022 5:00:00 PM,64
6/11/2022 6:00:00 PM,64
6/11/2022 7:00:00 PM,89
6/11/2022 8:00:00 PM,137
6/11/2022 9:00:00 PM,109
6/11/2022 10:00:00 PM,107
6/11/2022 11:00:00 PM,141
6/12/2022 12:00:00 AM,89
6/12/2022 1:00:00 AM,73
6/12/2022 2:00:00 AM,79
6/12/2022 3:00:00 AM,67
6/12/2022 4:00:00 AM,64
6/12/2022 5:00:00 AM,64
6/12/2022 6:00:00 AM,91
6/12/2022 7:00:00 AM,64
6/12/2022 8:00:00 AM,64
6/12/2022 9:00:00 AM,85
6/12/2022 10:00:00 AM,145
6/12/2022 11:00:00 AM,108
6/12/2022 12:00:00 PM,90
6/12/2022 1:00:00 PM,81
6/12/2022 2:00:00 PM,107
6/12/2022 3:00:00 PM,169
6/12/2022 4:00:00 PM,95
6/12/2022 5:00:00 PM,76
6/12/2022 6:00:00 PM,93
6/12/2022 7:00:00 PM,74
6/12/2022 8:00:00 PM,132
6/12/2022 9:00:00 PM,92
6/12/2022 10:00:00 PM,78
6/12/2022 11:00:00 PM,71
6/13/2022 12:00:00 AM,72
6/13/2022 1:00:00 AM,69
6/13/2022 2:00:00 AM,113
6/13/2022 3:00:00 AM,64
6/13/2022 4:00:00 AM,64
6/13/2022 5:00:00 AM,68
6/13/2022 6:00:00 AM,125
6/13/2022 7:00:00 AM,138
6/13/2022 8:00:00 AM,256
6/13/2022 9:00:00 AM,97
6/13/2022 10:00:00 AM,172
6/13/2022 11:00:00 AM,105
6/13/2022 12:00:00 PM,234
6/13/2022 1:00:00 PM,137
6/13/2022 2:00:00 PM,168
6/13/2022 3:00:00 PM,72
6/13/2022 4:00:00 PM,65
6/13/2022 5:00:00 PM,81
6/13/2022 6:00:00 PM,75
6/13/2022 7:00:00 PM,89
6/13/2022 8:00:00 PM,91
6/13/2022 9:00:00 PM,81
6/13/2022 10:00:00 PM,67
6/13/2022 11:00:00 PM,64
6/14/2022 12:00:00 AM,66
6/14/2022 1:00:00 AM,64
6/14/2022 2:00:00 AM,64
6/14/2022 3:00:00 AM,64
6/14/2022 4:00:00 AM,94
6/14/2022 5:00:00 AM,77
6/14/2022 6:00:00 AM,92
6/14/2022 7:00:00 AM,155
6/14/2022 8:00:00 AM,172
6/14/2022 9:00:00 AM,186
6/14/2022 10:00:00 AM,146
6/14/2022 11:00:00 AM,192
6/14/2022 12:00:00 PM,137
6/14/2022 1:00:00 PM,112
6/14/2022 2:00:00 PM,86
6/14/2022 3:00:00 PM,78
6/14/2022 4:00:00 PM,212
6/14/2022 5:00:00 PM,83
6/14/2022 6:00:00 PM,73
6/14/2022 7:00:00 PM,103
6/14/2022 8:00:00 PM,439
6/14/2022 9:00:00 PM,110
6/14/2022 10:00:00 PM,127
6/14/2022 11:00:00 PM,112
6/15/2022 12:00:00 AM,78
6/15/2022 1:00:00 AM,95
6/15/2022 2:00:00 AM,106
6/15/2022 3:00:00 AM,66
6/15/2022 4:00:00 AM,67
6/15/2022 5:00:00 AM,89
6/15/2022 6:00:00 AM,69
6/15/2022 7:00:00 AM,218
6/15/2022 8:00:00 AM,129
6/15/2022 9:00:00 AM,89
6/15/2022 10:00:00 AM,118
6/15/2022 11:00:00 AM,88
6/15/2022 12:00:00 PM,218
6/15/2022 1:00:00 PM,171
6/15/2022 2:00:00 PM,188
6/15/2022 3:00:00 PM,83
6/15/2022 4:00:00 PM,65
6/15/2022 5:00:00 PM,81
6/15/2022 6:00:00 PM,125
6/15/2022 7:00:00 PM,117
6/15/2022 8:00:00 PM,129
6/15/2022 9:00:00 PM,99
6/15/2022 10:00:00 PM,119
6/15/2022 11:00:00 PM,165
6/16/2022 12:00:00 AM,65
6/16/2022 1:00:00 AM,64
6/16/2022 2:00:00 AM,64
6/16/2022 3:00:00 AM,64
6/16/2022 4:00:00 AM,65
6/16/2022 5:00:00 AM,71
6/16/2022 6:00:00 AM,67
6/16/2022 7:00:00 AM,168
6/16/2022 8:00:00 AM,75
6/16/2022 9:00:00 AM,64
6/16/2022 10:00:00 AM,65
6/16/2022 11:00:00 AM,64
6/16/2022 12:00:00 PM,88
6/16/2022 1:00:00 PM,112
6/16/2022 2:00:00 PM,162
6/16/2022 3:00:00 PM,133
6/16/2022 4:00:00 PM,81
6/16/2022 5:00:00 PM,98
6/16/2022 6:00:00 PM,158
6/16/2022 7:00:00 PM,71
6/16/2022 8:00:00 PM,66
6/16/2022 9:00:00 PM,87
6/16/2022 10:00:00 PM,74
6/16/2022 11:00:00 PM,64
6/17/2022 12:00:00 AM,64
6/17/2022 1:00:00 AM,64
6/17/2022 2:00:00 AM,64
6/17/2022 3:00:00 AM,64
6/17/2022 4:00:00 AM,64
6/17/2022 5:00:00 AM,64
6/17/2022 6:00:00 AM,64
6/17/2022 7:00:00 AM,64
6/17/2022 8:00:00 AM,64
6/17/2022 9:00:00 AM,64
6/17/2022 10:00:00 AM,64
6/17/2022 11:00:00 AM,168
6/17/2022 12:00:00 PM,116
6/17/2022 1:00:00 PM,119
6/17/2022 2:00:00 PM,86
6/17/2022 3:00:00 PM,94
6/17/2022 4:00:00 PM,90
6/17/2022 5:00:00 PM,112
6/17/2022 6:00:00 PM,102
6/17/2022 7:00:00 PM,76
6/17/2022 8:00:00 PM,90
6/17/2022 9:00:00 PM,80
6/17/2022 10:00:00 PM,74
6/17/2022 11:00:00 PM,77
6/18/2022 12:00:00 AM,64
6/18/2022 1:00:00 AM,64
6/18/2022 2:00:00 AM,67
6/18/2022 3:00:00 AM,64
6/18/2022 4:00:00 AM,98
6/18/2022 5:00:00 AM,100
6/18/2022 6:00:00 AM,119
6/18/2022 7:00:00 AM,123
6/18/2022 8:00:00 AM,242
6/18/2022 9:00:00 AM,178
6/18/2022 10:00:00 AM,214
6/18/2022 11:00:00 AM,220
6/18/2022 12:00:00 PM,131
6/18/2022 1:00:00 PM,114
6/18/2022 2:00:00 PM,178
6/18/2022 3:00:00 PM,84
6/18/2022 4:00:00 PM,77
6/18/2022 5:00:00 PM,124
6/18/2022 6:00:00 PM,78
6/18/2022 7:00:00 PM,103
6/18/2022 8:00:00 PM,120
6/18/2022 9:00:00 PM,104
6/18/2022 10:00:00 PM,85
6/18/2022 11:00:00 PM,69
6/19/2022 12:00:00 AM,64
6/19/2022 1:00:00 AM,64
6/19/2022 2:00:00 AM,64
6/19/2022 3:00:00 AM,64
6/19/2022 4:00:00 AM,65
6/19/2022 5:00:00 AM,76
6/19/2022 6:00:00 AM,64
6/19/2022 7:00:00 AM,64
6/19/2022 8:00:00 AM,79
6/19/2022 9:00:00 AM,79
6/19/2022 10:00:00 AM,74
6/19/2022 11:00:00 AM,69
6/19/2022 12:00:00 PM,80
6/19/2022 1:00:00 PM,82
6/19/2022 2:00:00 PM,77
6/19/2022 3:00:00 PM,85
6/19/2022 4:00:00 PM,97
6/19/2022 5:00:00 PM,104
6/19/2022 6:00:00 PM,69
6/19/2022 7:00:00 PM,84
6/19/2022 8:00:00 PM,78
6/19/2022 9:00:00 PM,67
6/19/2022 10:00:00 PM,171
6/19/2022 11:00:00 PM,67
6/20/2022 12:00:00 AM,65
6/20/2022 1:00:00 AM,64
6/20/2022 2:00:00 AM,64
6/20/2022 3:00:00 AM,64
6/20/2022 4:00:00 AM,64
6/20/2022 5:00:00 AM,65
6/20/2022 6:00:00 AM,70
6/20/2022 7:00:00 AM,172
6/20/2022 8:00:00 AM,143
6/20/2022 9:00:00 AM,218
6/20/2022 10:00:00 AM,118
6/20/2022 11:00:00 AM,84
6/20/2022 12:00:00 PM,227
6/20/2022 1:00:00 PM,160
6/20/2022 2:00:00 PM,160
6/20/2022 3:00:00 PM,73
6/20/2022 4:00:00 PM,125
6/20/2022 5:00:00 PM,108
6/20/2022 6:00:00 PM,101
6/20/2022 7:00:00 PM,199
6/20/2022 8:00:00 PM,129
6/20/2022 9:00:00 PM,75
6/20/2022 10:00:00 PM,69
6/20/2022 11:00:00 PM,77
6/21/2022 12:00:00 AM,72
6/21/2022 1:00:00 AM,64
6/21/2022 2:00:00 AM,64
6/21/2022 3:00:00 AM,65
6/21/2022 4:00:00 AM,64
6/21/2022 5:00:00 AM,65
6/21/2022 6:00:00 AM,72
6/21/2022 7:00:00 AM,73
6/21/2022 8:00:00 AM,84
6/21/2022 9:00:00 AM,83
6/21/2022 10:00:00 AM,65
6/21/2022 11:00:00 AM,64
6/21/2022 12:00:00 PM,73
6/21/2022 1:00:00 PM,65
6/21/2022 2:00:00 PM,82
6/21/2022 3:00:00 PM,83
6/21/2022 4:00:00 PM,144
6/21/2022 5:00:00 PM,130
6/21/2022 6:00:00 PM,94
6/21/2022 7:00:00 PM,126
6/21/2022 8:00:00 PM,80
6/21/2022 9:00:00 PM,104
6/21/2022 10:00:00 PM,119
6/21/2022 11:00:00 PM,67
6/22/2022 12:00:00 AM,66
6/22/2022 1:00:00 AM,110
6/22/2022 2:00:00 AM,64
6/22/2022 3:00:00 AM,64
6/22/2022 4:00:00 AM,78
6/22/2022 5:00:00 AM,66
6/22/2022 6:00:00 AM,73
6/22/2022 7:00:00 AM,184
6/22/2022 8:00:00 AM,198
6/22/2022 9:00:00 AM,196
6/22/2022 10:00:00 AM,236
6/22/2022 11:00:00 AM,169
6/22/2022 12:00:00 PM,124
6/22/2022 1:00:00 PM,169
6/22/2022 2:00:00 PM,182
6/22/2022 3:00:00 PM,74
6/22/2022 4:00:00 PM,147
6/22/2022 5:00:00 PM,239
6/22/2022 6:00:00 PM,173
6/22/2022 7:00:00 PM,162
6/22/2022 8:00:00 PM,64
6/22/2022 9:00:00 PM,64
6/22/2022 10:00:00 PM,64
6/22/2022 11:00:00 PM,64
6/23/2022 12:00:00 AM,64
6/23/2022 1:00:00 AM,64
6/23/2022 2:00:00 AM,64
6/23/2022 3:00:00 AM,64
6/23/2022 4:00:00 AM,64
6/23/2022 5:00:00 AM,64
6/23/2022 6:00:00 AM,64
6/23/2022 7:00:00 AM,162
6/23/2022 8:00:00 AM,104
6/23/2022 9:00:00 AM,152
6/23/2022 10:00:00 AM,134
6/23/2022 11:00:00 AM,86
6/23/2022 12:00:00 PM,201
6/23/2022 1:00:00 PM,113
6/23/2022 2:00:00 PM,136
6/23/2022 3:00:00 PM,67
6/23/2022 4:00:00 PM,144
6/23/2022 5:00:00 PM,119
6/23/2022 6:00:00 PM,103
6/23/2022 7:00:00 PM,134
6/23/2022 8:00:00 PM,106
6/23/2022 9:00:00 PM,131
6/23/2022 10:00:00 PM,74
6/23/2022 11:00:00 PM,67
6/24/2022 12:00:00 AM,65
6/24/2022 1:00:00 AM,64
6/24/2022 2:00:00 AM,66
6/24/2022 3:00:00 AM,77
6/24/2022 4:00:00 AM,122
6/24/2022 5:00:00 AM,81
6/24/2022 6:00:00 AM,122
6/24/2022 7:00:00 AM,115
6/24/2022 8:00:00 AM,125
6/24/2022 9:00:00 AM,112
6/24/2022 10:00:00 AM,216
6/24/2022 11:00:00 AM,153
6/24/2022 12:00:00 PM,158
6/24/2022 1:00:00 PM,188
6/24/2022 2:00:00 PM,117
6/24/2022 3:00:00 PM,66
6/24/2022 4:00:00 PM,148
6/24/2022 5:00:00 PM,153
6/24/2022 6:00:00 PM,102
6/24/2022 7:00:00 PM,182
6/24/2022 8:00:00 PM,98
6/24/2022 9:00:00 PM,139
6/24/2022 10:00:00 PM,71
6/24/2022 11:00:00 PM,89
6/25/2022 12:00:00 AM,64
6/25/2022 1:00:00 AM,64
6/25/2022 2:00:00 AM,64
6/25/2022 3:00:00 AM,64
6/25/2022 4:00:00 AM,65
6/25/2022 5:00:00 AM,84
6/25/2022 6:00:00 AM,126
6/25/2022 7:00:00 AM,150
6/25/2022 8:00:00 AM,132
6/25/2022 9:00:00 AM,174
6/25/2022 10:00:00 AM,150
6/25/2022 11:00:00 AM,97
6/25/2022 12:00:00 PM,153
6/25/2022 1:00:00 PM,81
6/25/2022 2:00:00 PM,119
6/25/2022 3:00:00 PM,91
6/25/2022 4:00:00 PM,78
6/25/2022 5:00:00 PM,209
6/25/2022 6:00:00 PM,211
6/25/2022 7:00:00 PM,75
6/25/2022 8:00:00 PM,172
6/25/2022 9:00:00 PM,87
6/25/2022 10:00:00 PM,128
6/25/2022 11:00:00 PM,83
6/26/2022 12:00:00 AM,96
6/26/2022 1:00:00 AM,64
6/26/2022 2:00:00 AM,71
6/26/2022 3:00:00 AM,87
6/26/2022 4:00:00 AM,124
6/26/2022 5:00:00 AM,99
6/26/2022 6:00:00 AM,89
6/26/2022 7:00:00 AM,177
6/26/2022 8:00:00 AM,102
6/26/2022 9:00:00 AM,127
6/26/2022 10:00:00 AM,80
6/26/2022 11:00:00 AM,109
6/26/2022 12:00:00 PM,86
6/26/2022 1:00:00 PM,81
6/26/2022 2:00:00 PM,87
6/26/2022 3:00:00 PM,75
6/26/2022 4:00:00 PM,140
6/26/2022 5:00:00 PM,130
6/26/2022 6:00:00 PM,83
6/26/2022 7:00:00 PM,81
6/26/2022 8:00:00 PM,133
6/26/2022 9:00:00 PM,86
6/26/2022 10:00:00 PM,101
6/26/2022 11:00:00 PM,76
6/27/2022 12:00:00 AM,64
6/27/2022 1:00:00 AM,64
6/27/2022 2:00:00 AM,64
6/27/2022 3:00:00 AM,66
6/27/2022 4:00:00 AM,64
6/27/2022 5:00:00 AM,85
6/27/2022 6:00:00 AM,64
6/27/2022 7:00:00 AM,64
6/27/2022 8:00:00 AM,80
6/27/2022 9:00:00 AM,119
6/27/2022 10:00:00 AM,114
6/27/2022 11:00:00 AM,135
6/27/2022 12:00:00 PM,192
6/27/2022 1:00:00 PM,110
6/27/2022 2:00:00 PM,143
6/27/2022 3:00:00 PM,146
6/27/2022 4:00:00 PM,133
6/27/2022 5:00:00 PM,141
6/27/2022 6:00:00 PM,103
6/27/2022 7:00:00 PM,153
6/27/2022 8:00:00 PM,105
6/27/2022 9:00:00 PM,101
6/27/2022 10:00:00 PM,64
6/27/2022 11:00:00 PM,64
6/28/2022 12:00:00 AM,64
6/28/2022 1:00:00 AM,64
6/28/2022 2:00:00 AM,64
6/28/2022 3:00:00 AM,90
6/28/2022 4:00:00 AM,119
6/28/2022 5:00:00 AM,65
6/28/2022 6:00:00 AM,64
6/28/2022 7:00:00 AM,154
6/28/2022 8:00:00 AM,189
6/28/2022 9:00:00 AM,110
6/28/2022 10:00:00 AM,112
6/28/2022 11:00:00 AM,168
6/28/2022 12:00:00 PM,198
6/28/2022 1:00:00 PM,174
6/28/2022 2:00:00 PM,138
6/28/2022 3:00:00 PM,82
6/28/2022 4:00:00 PM,163
6/28/2022 5:00:00 PM,88
6/28/2022 6:00:00 PM,114
6/28/2022 7:00:00 PM,87
6/28/2022 8:00:00 PM,69
6/28/2022 9:00:00 PM,69
6/28/2022 10:00:00 PM,116
6/28/2022 11:00:00 PM,80
6/29/2022 12:00:00 AM,64
6/29/2022 1:00:00 AM,64
6/29/2022 2:00:00 AM,78
6/29/2022 3:00:00 AM,67
6/29/2022 4:00:00 AM,67
6/29/2022 5:00:00 AM,85
6/29/2022 6:00:00 AM,66
6/29/2022 7:00:00 AM,64
6/29/2022 8:00:00 AM,149
6/29/2022 9:00:00 AM,107
6/29/2022 10:00:00 AM,111
6/29/2022 11:00:00 AM,168
6/29/2022 12:00:00 PM,142
6/29/2022 1:00:00 PM,69
6/29/2022 2:00:00 PM,64
6/29/2022 3:00:00 PM,104
6/29/2022 4:00:00 PM,172
6/29/2022 5:00:00 PM,74
6/29/2022 6:00:00 PM,80
6/29/2022 7:00:00 PM,73
6/29/2022 8:00:00 PM,103
6/29/2022 9:00:00 PM,78
6/29/2022 10:00:00 PM,82
6/29/2022 11:00:00 PM,95
6/30/2022 12:00:00 AM,74
6/30/2022 1:00:00 AM,64
6/30/2022 2:00:00 AM,64
6/30/2022 3:00:00 AM,66
6/30/2022 4:00:00 AM,69
6/30/2022 5:00:00 AM,74
6/30/2022 6:00:00 AM,64
6/30/2022 7:00:00 AM,127
6/30/2022 8:00:00 AM,195
6/30/2022 9:00:00 AM,227
6/30/2022 10:00:00 AM,133
6/30/2022 11:00:00 AM,106
6/30/2022 12:00:00 PM,239
6/30/2022 1:00:00 PM,182
6/30/2022 2:00:00 PM,300
6/30/2022 3:00:00 PM,80
6/30/2022 4:00:00 PM,139
6/30/2022 5:00:00 PM,89
6/30/2022 6:00:00 PM,82
6/30/2022 7:00:00 PM,74
6/30/2022 8:00:00 PM,117
6/30/2022 9:00:00 PM,89
6/30/2022 10:00:00 PM,73
6/30/2022 11:00:00 PM,102
7/1/2022 12:00:00 AM,95
7/1/2022 1:00:00 AM,70
7/1/2022 2:00:00 AM,72
7/1/2022 3:00:00 AM,80
7/1/2022 4:00:00 AM,81
7/1/2022 5:00:00 AM,77
7/1/2022 6:00:00 AM,64
7/1/2022 7:00:00 AM,76
7/1/2022 8:00:00 AM,116
7/1/2022 9:00:00 AM,134
7/1/2022 10:00:00 AM,162
7/1/2022 11:00:00 AM,151
7/1/2022 12:00:00 PM,160
7/1/2022 1:00:00 PM,159
7/1/2022 2:00:00 PM,163
7/1/2022 3:00:00 PM,117
7/1/2022 4:00:00 PM,97
7/1/2022 5:00:00 PM,84
7/1/2022 6:00:00 PM,117
7/1/2022 7:00:00 PM,126
7/1/2022 8:00:00 PM,184
7/1/2022 9:00:00 PM,100
7/1/2022 10:00:00 PM,71
7/1/2022 11:00:00 PM,64
7/2/2022 12:00:00 AM,64
7/2/2022 1:00:00 AM,93
7/2/2022 2:00:00 AM,74
7/2/2022 3:00:00 AM,68
7/2/2022 4:00:00 AM,80
7/2/2022 5:00:00 AM,79
7/2/2022 6:00:00 AM,71
7/2/2022 7:00:00 AM,155
7/2/2022 8:00:00 AM,219
7/2/2022 9:00:00 AM,174
7/2/2022 10:00:00 AM,197
7/2/2022 11:00:00 AM,176
7/2/2022 12:00:00 PM,166
7/2/2022 1:00:00 PM,197
7/2/2022 2:00:00 PM,136
7/2/2022 3:00:00 PM,71
7/2/2022 4:00:00 PM,75
7/2/2022 5:00:00 PM,124
7/2/2022 6:00:00 PM,107
7/2/2022 7:00:00 PM,80
7/2/2022 8:00:00 PM,142
7/2/2022 9:00:00 PM,77
7/2/2022 10:00:00 PM,75
7/2/2022 11:00:00 PM,148
7/3/2022 12:00:00 AM,66
7/3/2022 1:00:00 AM,65
7/3/2022 2:00:00 AM,64
7/3/2022 3:00:00 AM,77
7/3/2022 4:00:00 AM,79
7/3/2022 5:00:00 AM,138
7/3/2022 6:00:00 AM,82
7/3/2022 7:00:00 AM,73
7/3/2022 8:00:00 AM,132
7/3/2022 9:00:00 AM,85
7/3/2022 10:00:00 AM,88
7/3/2022 11:00:00 AM,184
7/3/2022 12:00:00 PM,82
7/3/2022 1:00:00 PM,73
7/3/2022 2:00:00 PM,96
7/3/2022 3:00:00 PM,64
7/3/2022 4:00:00 PM,64
7/3/2022 5:00:00 PM,64
7/3/2022 6:00:00 PM,64
7/3/2022 7:00:00 PM,80
7/3/2022 8:00:00 PM,122
7/3/2022 9:00:00 PM,136
7/3/2022 10:00:00 PM,90
7/3/2022 11:00:00 PM,82
7/4/2022 12:00:00 AM,73
7/4/2022 1:00:00 AM,83
7/4/2022 2:00:00 AM,91
7/4/2022 3:00:00 AM,95
7/4/2022 4:00:00 AM,93
7/4/2022 5:00:00 AM,72
7/4/2022 6:00:00 AM,65
7/4/2022 7:00:00 AM,119
7/4/2022 8:00:00 AM,139
7/4/2022 9:00:00 AM,122
7/4/2022 10:00:00 AM,150
7/4/2022 11:00:00 AM,102
7/4/2022 12:00:00 PM,130
7/4/2022 1:00:00 PM,112
7/4/2022 2:00:00 PM,139
7/4/2022 3:00:00 PM,74
7/4/2022 4:00:00 PM,68
7/4/2022 5:00:00 PM,173
7/4/2022 6:00:00 PM,70
7/4/2022 7:00:00 PM,84
7/4/2022 8:00:00 PM,70
7/4/2022 9:00:00 PM,136
7/4/2022 10:00:00 PM,76
7/4/2022 11:00:00 PM,70
7/5/2022 12:00:00 AM,64
7/5/2022 1:00:00 AM,64
7/5/2022 2:00:00 AM,64
7/5/2022 3:00:00 AM,97
7/5/2022 4:00:00 AM,84
7/5/2022 5:00:00 AM,81
7/5/2022 6:00:00 AM,67
7/5/2022 7:00:00 AM,117
7/5/2022 8:00:00 AM,138
7/5/2022 9:00:00 AM,82
7/5/2022 10:00:00 AM,114
7/5/2022 11:00:00 AM,99
7/5/2022 12:00:00 PM,96
7/5/2022 1:00:00 PM,121
7/5/2022 2:00:00 PM,153
7/5/2022 3:00:00 PM,133
7/5/2022 4:00:00 PM,88
7/5/2022 5:00:00 PM,72
7/5/2022 6:00:00 PM,71
7/5/2022 7:00:00 PM,102
7/5/2022 8:00:00 PM,142
7/5/2022 9:00:00 PM,139
7/5/2022 10:00:00 PM,119
7/5/2022 11:00:00 PM,107
7/6/2022 12:00:00 AM,105
7/6/2022 1:00:00 AM,92
7/6/2022 2:00:00 AM,84
7/6/2022 3:00:00 AM,87
7/6/2022 4:00:00 AM,67
7/6/2022 5:00:00 AM,67
7/6/2022 6:00:00 AM,108
7/6/2022 7:00:00 AM,122
7/6/2022 8:00:00 AM,180
7/6/2022 9:00:00 AM,119
7/6/2022 10:00:00 AM,198
7/6/2022 11:00:00 AM,106
7/6/2022 12:00:00 PM,100
7/6/2022 1:00:00 PM,130
7/6/2022 2:00:00 PM,122
7/6/2022 3:00:00 PM,180
7/6/2022 4:00:00 PM,94
7/6/2022 5:00:00 PM,95
7/6/2022 6:00:00 PM,94
7/6/2022 7:00:00 PM,75
7/6/2022 8:00:00 PM,153
7/6/2022 9:00:00 PM,193
7/6/2022 10:00:00 PM,116
7/6/2022 11:00:00 PM,69
7/7/2022 12:00:00 AM,64
7/7/2022 1:00:00 AM,64
7/7/2022 2:00:00 AM,64
7/7/2022 3:00:00 AM,66
7/7/2022 4:00:00 AM,140
7/7/2022 5:00:00 AM,90
7/7/2022 6:00:00 AM,70
7/7/2022 7:00:00 AM,183
7/7/2022 8:00:00 AM,120
7/7/2022 9:00:00 AM,76
7/7/2022 10:00:00 AM,66
7/7/2022 11:00:00 AM,214
7/7/2022 12:00:00 PM,152
7/7/2022 1:00:00 PM,164
7/7/2022 2:00:00 PM,126
7/7/2022 3:00:00 PM,204
7/7/2022 4:00:00 PM,142
7/7/2022 5:00:00 PM,87
7/7/2022 6:00:00 PM,84
7/7/2022 7:00:00 PM,73
7/7/2022 8:00:00 PM,71
7/7/2022 9:00:00 PM,100
7/7/2022 10:00:00 PM,74
7/7/2022 11:00:00 PM,70
7/8/2022 12:00:00 AM,108
7/8/2022 1:00:00 AM,66
7/8/2022 2:00:00 AM,66
7/8/2022 3:00:00 AM,72
7/8/2022 4:00:00 AM,68
7/8/2022 5:00:00 AM,102
7/8/2022 6:00:00 AM,147
7/8/2022 7:00:00 AM,64
7/8/2022 8:00:00 AM,64
7/8/2022 9:00:00 AM,67
7/8/2022 10:00:00 AM,64
7/8/2022 11:00:00 AM,64
7/8/2022 12:00:00 PM,64
7/8/2022 1:00:00 PM,64
7/8/2022 2:00:00 PM,64
7/8/2022 3:00:00 PM,64
7/8/2022 4:00:00 PM,64
7/8/2022 5:00:00 PM,64
7/8/2022 6:00:00 PM,64
7/8/2022 7:00:00 PM,109
7/8/2022 8:00:00 PM,172
7/8/2022 9:00:00 PM,107
7/8/2022 10:00:00 PM,88
7/8/2022 11:00:00 PM,151
7/9/2022 12:00:00 AM,64
7/9/2022 1:00:00 AM,64
7/9/2022 2:00:00 AM,64
7/9/2022 3:00:00 AM,64
7/9/2022 4:00:00 AM,64
7/9/2022 5:00:00 AM,64
7/9/2022 6:00:00 AM,64
7/9/2022 7:00:00 AM,64
7/9/2022 8:00:00 AM,146
7/9/2022 9:00:00 AM,212
7/9/2022 10:00:00 AM,231
7/9/2022 11:00:00 AM,168
7/9/2022 12:00:00 PM,115
7/9/2022 1:00:00 PM,107
7/9/2022 2:00:00 PM,98
7/9/2022 3:00:00 PM,156
7/9/2022 4:00:00 PM,178
7/9/2022 5:00:00 PM,128
7/9/2022 6:00:00 PM,93
7/9/2022 7:00:00 PM,119
7/9/2022 8:00:00 PM,144
7/9/2022 9:00:00 PM,111
7/9/2022 10:00:00 PM,150
7/9/2022 11:00:00 PM,213
7/10/2022 12:00:00 AM,64
7/10/2022 1:00:00 AM,64
7/10/2022 2:00:00 AM,64
7/10/2022 3:00:00 AM,64
7/10/2022 4:00:00 AM,64
7/10/2022 5:00:00 AM,64
7/10/2022 6:00:00 AM,64
7/10/2022 7:00:00 AM,64
7/10/2022 8:00:00 AM,64
7/10/2022 9:00:00 AM,64
7/10/2022 10:00:00 AM,64
7/10/2022 11:00:00 AM,64
7/10/2022 12:00:00 PM,64
7/10/2022 1:00:00 PM,64
7/10/2022 2:00:00 PM,64
7/10/2022 3:00:00 PM,64
7/10/2022 4:00:00 PM,64
7/10/2022 5:00:00 PM,64
7/10/2022 6:00:00 PM,64
7/10/2022 7:00:00 PM,64
7/10/2022 8:00:00 PM,64
7/10/2022 9:00:00 PM,64
7/10/2022 10:00:00 PM,64
7/10/2022 11:00:00 PM,64
7/11/2022 12:00:00 AM,64
7/11/2022 1:00:00 AM,64
7/11/2022 2:00:00 AM,64
7/11/2022 3:00:00 AM,64
7/11/2022 4:00:00 AM,64
7/11/2022 5:00:00 AM,105
7/11/2022 6:00:00 AM,247
7/11/2022 7:00:00 AM,287
7/11/2022 8:00:00 AM,240
7/11/2022 9:00:00 AM,93
7/11/2022 10:00:00 AM,135
7/11/2022 11:00:00 AM,158
7/11/2022 12:00:00 PM,129
7/11/2022 1:00:00 PM,156
7/11/2022 2:00:00 PM,169
7/11/2022 3:00:00 PM,84
7/11/2022 4:00:00 PM,184
7/11/2022 5:00:00 PM,224
7/11/2022 6:00:00 PM,220
7/11/2022 7:00:00 PM,220
7/11/2022 8:00:00 PM,222
7/11/2022 9:00:00 PM,188
7/11/2022 10:00:00 PM,98
7/11/2022 11:00:00 PM,121
7/12/2022 12:00:00 AM,105
7/12/2022 1:00:00 AM,92
7/12/2022 2:00:00 AM,64
7/12/2022 3:00:00 AM,64
7/12/2022 4:00:00 AM,64
7/12/2022 5:00:00 AM,102
7/12/2022 6:00:00 AM,204
7/12/2022 7:00:00 AM,154
7/12/2022 8:00:00 AM,117
7/12/2022 9:00:00 AM,127
7/12/2022 10:00:00 AM,124
7/12/2022 11:00:00 AM,102
7/12/2022 12:00:00 PM,150
7/12/2022 1:00:00 PM,160
7/12/2022 2:00:00 PM,133
7/12/2022 3:00:00 PM,77
7/12/2022 4:00:00 PM,71
7/12/2022 5:00:00 PM,96
7/12/2022 6:00:00 PM,83
7/12/2022 7:00:00 PM,113
7/12/2022 8:00:00 PM,91
7/12/2022 9:00:00 PM,68
7/12/2022 10:00:00 PM,80
7/12/2022 11:00:00 PM,64
7/13/2022 12:00:00 AM,65
7/13/2022 1:00:00 AM,64
7/13/2022 2:00:00 AM,64
7/13/2022 3:00:00 AM,64
7/13/2022 4:00:00 AM,78
7/13/2022 5:00:00 AM,103
7/13/2022 6:00:00 AM,172
7/13/2022 7:00:00 AM,374
7/13/2022 8:00:00 AM,241
7/13/2022 9:00:00 AM,184
7/13/2022 10:00:00 AM,64
7/13/2022 11:00:00 AM,64
7/13/2022 12:00:00 PM,64
7/13/2022 1:00:00 PM,64
7/13/2022 2:00:00 PM,164
7/13/2022 3:00:00 PM,64
7/13/2022 4:00:00 PM,64
7/13/2022 5:00:00 PM,64
7/13/2022 6:00:00 PM,67
7/13/2022 7:00:00 PM,193
7/13/2022 8:00:00 PM,119
7/13/2022 9:00:00 PM,138
7/13/2022 10:00:00 PM,144
7/13/2022 11:00:00 PM,154
7/14/2022 12:00:00 AM,64
7/14/2022 1:00:00 AM,64
7/14/2022 2:00:00 AM,139
7/14/2022 3:00:00 AM,64
7/14/2022 4:00:00 AM,64
7/14/2022 5:00:00 AM,64
7/14/2022 6:00:00 AM,80
7/14/2022 7:00:00 AM,64
7/14/2022 8:00:00 AM,84
7/14/2022 9:00:00 AM,92
7/14/2022 10:00:00 AM,64
7/14/2022 11:00:00 AM,64
7/14/2022 12:00:00 PM,64
7/14/2022 1:00:00 PM,111
7/14/2022 2:00:00 PM,79
7/14/2022 3:00:00 PM,90
7/14/2022 4:00:00 PM,242
7/14/2022 5:00:00 PM,239
7/14/2022 6:00:00 PM,188
7/14/2022 7:00:00 PM,212
7/14/2022 8:00:00 PM,212
7/14/2022 9:00:00 PM,184
7/14/2022 10:00:00 PM,74
7/14/2022 11:00:00 PM,106
7/15/2022 12:00:00 AM,64
7/15/2022 1:00:00 AM,64
7/15/2022 2:00:00 AM,64
7/15/2022 3:00:00 AM,64
7/15/2022 4:00:00 AM,64
7/15/2022 5:00:00 AM,64
7/15/2022 6:00:00 AM,64
7/15/2022 7:00:00 AM,64
7/15/2022 8:00:00 AM,410
7/15/2022 9:00:00 AM,301
7/15/2022 10:00:00 AM,146
7/15/2022 11:00:00 AM,64
7/15/2022 12:00:00 PM,64
7/15/2022 1:00:00 PM,64
7/15/2022 2:00:00 PM,74
7/15/2022 3:00:00 PM,93
7/15/2022 4:00:00 PM,102
7/15/2022 5:00:00 PM,115
7/15/2022 6:00:00 PM,84
7/15/2022 7:00:00 PM,67
7/15/2022 8:00:00 PM,100
7/15/2022 9:00:00 PM,154
7/15/2022 10:00:00 PM,102
7/15/2022 11:00:00 PM,89
7/16/2022 12:00:00 AM,64
7/16/2022 1:00:00 AM,64
7/16/2022 2:00:00 AM,64
7/16/2022 3:00:00 AM,64
7/16/2022 4:00:00 AM,64
7/16/2022 5:00:00 AM,64
7/16/2022 6:00:00 AM,64
7/16/2022 7:00:00 AM,158
7/16/2022 8:00:00 AM,262
7/16/2022 9:00:00 AM,87
7/16/2022 10:00:00 AM,77
7/16/2022 11:00:00 AM,64
7/16/2022 12:00:00 PM,64
7/16/2022 1:00:00 PM,64
7/16/2022 2:00:00 PM,71
7/16/2022 3:00:00 PM,128
7/16/2022 4:00:00 PM,199
7/16/2022 5:00:00 PM,186
7/16/2022 6:00:00 PM,159
7/16/2022 7:00:00 PM,180
7/16/2022 8:00:00 PM,200
7/16/2022 9:00:00 PM,81
7/16/2022 10:00:00 PM,80
7/16/2022 11:00:00 PM,120
7/17/2022 12:00:00 AM,64
7/17/2022 1:00:00 AM,64
7/17/2022 2:00:00 AM,64
7/17/2022 3:00:00 AM,64
7/17/2022 4:00:00 AM,64
7/17/2022 5:00:00 AM,64
7/17/2022 6:00:00 AM,64
7/17/2022 7:00:00 AM,64
7/17/2022 8:00:00 AM,64
7/17/2022 9:00:00 AM,64
7/17/2022 10:00:00 AM,64
7/17/2022 11:00:00 AM,136
7/17/2022 12:00:00 PM,132
7/17/2022 1:00:00 PM,81
7/17/2022 2:00:00 PM,103
7/17/2022 3:00:00 PM,150
7/17/2022 4:00:00 PM,250
7/17/2022 5:00:00 PM,173
7/17/2022 6:00:00 PM,184
7/17/2022 7:00:00 PM,87
7/17/2022 8:00:00 PM,94
7/17/2022 9:00:00 PM,117
7/17/2022 10:00:00 PM,85
7/17/2022 11:00:00 PM,161
7/18/2022 12:00:00 AM,86
7/18/2022 1:00:00 AM,64
7/18/2022 2:00:00 AM,65
7/18/2022 3:00:00 AM,64
7/18/2022 4:00:00 AM,64
7/18/2022 5:00:00 AM,65
7/18/2022 6:00:00 AM,83
7/18/2022 7:00:00 AM,67
7/18/2022 8:00:00 AM,74
7/18/2022 9:00:00 AM,81
7/18/2022 10:00:00 AM,223
7/18/2022 11:00:00 AM,123
7/18/2022 12:00:00 PM,125
7/18/2022 1:00:00 PM,156
7/18/2022 2:00:00 PM,78
7/18/2022 3:00:00 PM,68
7/18/2022 4:00:00 PM,65
7/18/2022 5:00:00 PM,77
7/18/2022 6:00:00 PM,87
7/18/2022 7:00:00 PM,184
7/18/2022 8:00:00 PM,128
7/18/2022 9:00:00 PM,84
7/18/2022 10:00:00 PM,226
7/18/2022 11:00:00 PM,64
7/19/2022 12:00:00 AM,64
7/19/2022 1:00:00 AM,64
7/19/2022 2:00:00 AM,64
7/19/2022 3:00:00 AM,64
7/19/2022 4:00:00 AM,120
7/19/2022 5:00:00 AM,65
7/19/2022 6:00:00 AM,64
7/19/2022 7:00:00 AM,65
7/19/2022 8:00:00 AM,77
7/19/2022 9:00:00 AM,64
7/19/2022 10:00:00 AM,64
7/19/2022 11:00:00 AM,64
7/19/2022 12:00:00 PM,64
7/19/2022 1:00:00 PM,64
7/19/2022 2:00:00 PM,64
7/19/2022 3:00:00 PM,64
7/19/2022 4:00:00 PM,64
7/19/2022 5:00:00 PM,64
7/19/2022 6:00:00 PM,64
7/19/2022 7:00:00 PM,64
7/19/2022 8:00:00 PM,64
7/19/2022 9:00:00 PM,64
7/19/2022 10:00:00 PM,64
7/19/2022 11:00:00 PM,64
7/20/2022 12:00:00 AM,64
7/20/2022 1:00:00 AM,64
7/20/2022 2:00:00 AM,64
7/20/2022 3:00:00 AM,64
7/20/2022 4:00:00 AM,64
7/20/2022 5:00:00 AM,64
7/20/2022 6:00:00 AM,64
7/20/2022 7:00:00 AM,64
7/20/2022 8:00:00 AM,64
7/20/2022 9:00:00 AM,64
7/20/2022 10:00:00 AM,64
7/20/2022 11:00:00 AM,64
7/20/2022 12:00:00 PM,64
7/20/2022 1:00:00 PM,64
7/20/2022 2:00:00 PM,64
7/20/2022 3:00:00 PM,64
7/20/2022 4:00:00 PM,64
7/20/2022 5:00:00 PM,64
7/20/2022 6:00:00 PM,64
7/20/2022 7:00:00 PM,64
7/20/2022 8:00:00 PM,64
7/20/2022 9:00:00 PM,64
7/20/2022 10:00:00 PM,64
7/20/2022 11:00:00 PM,64
