ActivityHour,TotalIntensity,AverageIntensity
1/19/2023 12:00:00 AM,0,0
1/19/2023 1:00:00 AM,0,0
1/19/2023 2:00:00 AM,0,0
1/19/2023 3:00:00 AM,0,0
1/19/2023 4:00:00 AM,0,0
1/19/2023 5:00:00 AM,0,0
1/19/2023 6:00:00 AM,0,0
1/19/2023 7:00:00 AM,0,0
1/19/2023 8:00:00 AM,0,0
1/19/2023 9:00:00 AM,0,0
1/19/2023 10:00:00 AM,0,0
1/19/2023 11:00:00 AM,53,0.883333
1/19/2023 12:00:00 PM,79,1.316667
1/19/2023 1:00:00 PM,50,0.833333
1/19/2023 2:00:00 PM,77,1.283333
1/19/2023 3:00:00 PM,16,0.266667
1/19/2023 4:00:00 PM,22,0.366667
1/19/2023 5:00:00 PM,84,1.4
1/19/2023 6:00:00 PM,83,1.383333
1/19/2023 7:00:00 PM,29,0.483333
1/19/2023 8:00:00 PM,26,0.433333
1/19/2023 9:00:00 PM,12,0.2
1/19/2023 10:00:00 PM,14,0.233333
1/19/2023 11:00:00 PM,19,0.316667
1/20/2023 12:00:00 AM,21,0.35
1/20/2023 1:00:00 AM,33,0.55
1/20/2023 2:00:00 AM,0,0
1/20/2023 3:00:00 AM,2,0.033333
1/20/2023 4:00:00 AM,0,0
1/20/2023 5:00:00 AM,3,0.05
1/20/2023 6:00:00 AM,1,0.016667
1/20/2023 7:00:00 AM,7,0.116667
1/20/2023 8:00:00 AM,13,0.216667
1/20/2023 9:00:00 AM,32,0.533333
1/20/2023 10:00:00 AM,20,0.333333
1/20/2023 11:00:00 AM,19,0.316667
1/20/2023 12:00:00 PM,11,0.183333
1/20/2023 1:00:00 PM,36,0.6
1/20/2023 2:00:00 PM,74,1.233333
1/20/2023 3:00:00 PM,55,0.916667
1/20/2023 4:00:00 PM,50,0.833333
1/20/2023 5:00:00 PM,51,0.85
1/20/2023 6:00:00 PM,57,0.95
1/20/2023 7:00:00 PM,79,1.316667
1/20/2023 8:00:00 PM,58,0.966667
1/20/2023 9:00:00 PM,77,1.283333
1/20/2023 10:00:00 PM,55,0.916667
1/20/2023 11:00:00 PM,12,0.2
1/21/2023 12:00:00 AM,62,1.033333
1/21/2023 1:00:00 AM,2,0.033333
1/21/2023 2:00:00 AM,0,0
1/21/2023 3:00:00 AM,3,0.05
1/21/2023 4:00:00 AM,0,0
1/21/2023 5:00:00 AM,1,0.016667
1/21/2023 6:00:00 AM,0,0
1/21/2023 7:00:00 AM,23,0.383333
1/21/2023 8:00:00 AM,56,0.933333
1/21/2023 9:00:00 AM,5,0.083333
1/21/2023 10:00:00 AM,73,1.216667
1/21/2023 11:00:00 AM,3,0.05
1/21/2023 12:00:00 PM,16,0.266667
1/21/2023 1:00:00 PM,9,0.15
1/21/2023 2:00:00 PM,39,0.65
1/21/2023 3:00:00 PM,13,0.216667
1/21/2023 4:00:00 PM,6,0.1
1/21/2023 5:00:00 PM,2,0.033333
1/21/2023 6:00:00 PM,37,0.616667
1/21/2023 7:00:00 PM,59,0.983333
1/21/2023 8:00:00 PM,29,0.483333
1/21/2023 9:00:00 PM,26,0.433333
1/21/2023 10:00:00 PM,38,0.633333
1/21/2023 11:00:00 PM,18,0.3
1/22/2023 12:00:00 AM,92,1.533333
1/22/2023 1:00:00 AM,90,1.5
1/22/2023 2:00:00 AM,34,0.566667
1/22/2023 3:00:00 AM,1,0.016667
1/22/2023 4:00:00 AM,0,0
1/22/2023 5:00:00 AM,0,0
1/22/2023 6:00:00 AM,3,0.05
1/22/2023 7:00:00 AM,0,0
1/22/2023 8:00:00 AM,1,0.016667
1/22/2023 9:00:00 AM,17,0.283333
1/22/2023 10:00:00 AM,37,0.616667
1/22/2023 11:00:00 AM,72,1.2
1/22/2023 12:00:00 PM,125,2.083333
1/22/2023 1:00:00 PM,52,0.866667
1/22/2023 2:00:00 PM,27,0.45
1/22/2023 3:00:00 PM,3,0.05
1/22/2023 4:00:00 PM,42,0.7
1/22/2023 5:00:00 PM,3,0.05
1/22/2023 6:00:00 PM,42,0.7
1/22/2023 7:00:00 PM,81,1.35
1/22/2023 8:00:00 PM,97,1.616667
1/22/2023 9:00:00 PM,45,0.75
1/22/2023 10:00:00 PM,41,0.683333
1/22/2023 11:00:00 PM,32,0.533333
1/23/2023 12:00:00 AM,60,1
1/23/2023 1:00:00 AM,0,0
1/23/2023 2:00:00 AM,0,0
1/23/2023 3:00:00 AM,3,0.05
1/23/2023 4:00:00 AM,0,0
1/23/2023 5:00:00 AM,1,0.016667
1/23/2023 6:00:00 AM,0,0
1/23/2023 7:00:00 AM,5,0.083333
1/23/2023 8:00:00 AM,0,0
1/23/2023 9:00:00 AM,73,1.216667
1/23/2023 10:00:00 AM,44,0.733333
1/23/2023 11:00:00 AM,12,0.2
1/23/2023 12:00:00 PM,102,1.7
1/23/2023 1:00:00 PM,32,0.533333
1/23/2023 2:00:00 PM,41,0.683333
1/23/2023 3:00:00 PM,13,0.216667
1/23/2023 4:00:00 PM,58,0.966667
1/23/2023 5:00:00 PM,51,0.85
1/23/2023 6:00:00 PM,62,1.033333
1/23/2023 7:00:00 PM,104,1.733333
1/23/2023 8:00:00 PM,30,0.5
1/23/2023 9:00:00 PM,54,0.9
1/23/2023 10:00:00 PM,43,0.716667
1/23/2023 11:00:00 PM,59,0.983333
1/24/2023 12:00:00 AM,58,0.966667
1/24/2023 1:00:00 AM,0,0
1/24/2023 2:00:00 AM,0,0
1/24/2023 3:00:00 AM,3,0.05
1/24/2023 4:00:00 AM,3,0.05
1/24/2023 5:00:00 AM,0,0
1/24/2023 6:00:00 AM,0,0
1/24/2023 7:00:00 AM,26,0.433333
1/24/2023 8:00:00 AM,40,0.666667
1/24/2023 9:00:00 AM,1,0.016667
1/24/2023 10:00:00 AM,1,0.016667
1/24/2023 11:00:00 AM,24,0.4
1/24/2023 12:00:00 PM,84,1.4
1/24/2023 1:00:00 PM,6,0.1
1/24/2023 2:00:00 PM,27,0.45
1/24/2023 3:00:00 PM,16,0.266667
1/24/2023 4:00:00 PM,2,0.033333
1/24/2023 5:00:00 PM,0,0
1/24/2023 6:00:00 PM,40,0.666667
1/24/2023 7:00:00 PM,86,1.433333
1/24/2023 8:00:00 PM,29,0.483333
1/24/2023 9:00:00 PM,54,0.9
1/24/2023 10:00:00 PM,30,0.5
1/24/2023 11:00:00 PM,38,0.633333
1/25/2023 12:00:00 AM,91,1.516667
1/25/2023 1:00:00 AM,3,0.05
1/25/2023 2:00:00 AM,1,0.016667
1/25/2023 3:00:00 AM,1,0.016667
1/25/2023 4:00:00 AM,3,0.05
1/25/2023 5:00:00 AM,1,0.016667
1/25/2023 6:00:00 AM,1,0.016667
1/25/2023 7:00:00 AM,18,0.3
1/25/2023 8:00:00 AM,55,0.916667
1/25/2023 9:00:00 AM,1,0.016667
1/25/2023 10:00:00 AM,4,0.066667
1/25/2023 11:00:00 AM,5,0.083333
1/25/2023 12:00:00 PM,40,0.666667
1/25/2023 1:00:00 PM,15,0.25
1/25/2023 2:00:00 PM,83,1.383333
1/25/2023 3:00:00 PM,20,0.333333
1/25/2023 4:00:00 PM,2,0.033333
1/25/2023 5:00:00 PM,22,0.366667
1/25/2023 6:00:00 PM,49,0.816667
1/25/2023 7:00:00 PM,50,0.833333
1/25/2023 8:00:00 PM,18,0.3
1/25/2023 9:00:00 PM,18,0.3
1/25/2023 10:00:00 PM,32,0.533333
1/25/2023 11:00:00 PM,25,0.416667
1/26/2023 12:00:00 AM,53,0.883333
1/26/2023 1:00:00 AM,1,0.016667
1/26/2023 2:00:00 AM,0,0
1/26/2023 3:00:00 AM,3,0.05
1/26/2023 4:00:00 AM,0,0
1/26/2023 5:00:00 AM,0,0
1/26/2023 6:00:00 AM,2,0.033333
1/26/2023 7:00:00 AM,43,0.716667
1/26/2023 8:00:00 AM,94,1.566667
1/26/2023 9:00:00 AM,12,0.2
1/26/2023 10:00:00 AM,43,0.716667
1/26/2023 11:00:00 AM,23,0.383333
1/26/2023 12:00:00 PM,42,0.7
1/26/2023 1:00:00 PM,63,1.05
1/26/2023 2:00:00 PM,31,0.516667
1/26/2023 3:00:00 PM,10,0.166667
1/26/2023 4:00:00 PM,37,0.616667
1/26/2023 5:00:00 PM,29,0.483333
1/26/2023 6:00:00 PM,69,1.15
1/26/2023 7:00:00 PM,114,1.9
1/26/2023 8:00:00 PM,76,1.266667
1/26/2023 9:00:00 PM,34,0.566667
1/26/2023 10:00:00 PM,17,0.283333
1/26/2023 11:00:00 PM,48,0.8
1/27/2023 12:00:00 AM,79,1.316667
1/27/2023 1:00:00 AM,63,1.05
1/27/2023 2:00:00 AM,7,0.116667
1/27/2023 3:00:00 AM,1,0.016667
1/27/2023 4:00:00 AM,5,0.083333
1/27/2023 5:00:00 AM,4,0.066667
1/27/2023 6:00:00 AM,4,0.066667
1/27/2023 7:00:00 AM,3,0.05
1/27/2023 8:00:00 AM,32,0.533333
1/27/2023 9:00:00 AM,2,0.033333
1/27/2023 10:00:00 AM,20,0.333333
1/27/2023 11:00:00 AM,9,0.15
1/27/2023 12:00:00 PM,148,2.466667
1/27/2023 1:00:00 PM,20,0.333333
1/27/2023 2:00:00 PM,52,0.866667
1/27/2023 3:00:00 PM,2,0.033333
1/27/2023 4:00:00 PM,62,1.033333
1/27/2023 5:00:00 PM,80,1.333333
1/27/2023 6:00:00 PM,60,1
1/27/2023 7:00:00 PM,58,0.966667
1/27/2023 8:00:00 PM,3,0.05
1/27/2023 9:00:00 PM,3,0.05
1/27/2023 10:00:00 PM,20,0.333333
1/27/2023 11:00:00 PM,3,0.05
1/28/2023 12:00:00 AM,29,0.483333
1/28/2023 1:00:00 AM,21,0.35
1/28/2023 2:00:00 AM,1,0.016667
1/28/2023 3:00:00 AM,2,0.033333
1/28/2023 4:00:00 AM,0,0
1/28/2023 5:00:00 AM,0,0
1/28/2023 6:00:00 AM,0,0
1/28/2023 7:00:00 AM,14,0.233333
1/28/2023 8:00:00 AM,0,0
1/28/2023 9:00:00 AM,12,0.2
1/28/2023 10:00:00 AM,17,0.283333
1/28/2023 11:00:00 AM,5,0.083333
1/28/2023 12:00:00 PM,69,1.15
1/28/2023 1:00:00 PM,38,0.633333
1/28/2023 2:00:00 PM,47,0.783333
1/28/2023 3:00:00 PM,21,0.35
1/28/2023 4:00:00 PM,3,0.05
1/28/2023 5:00:00 PM,3,0.05
1/28/2023 6:00:00 PM,64,1.066667
1/28/2023 7:00:00 PM,66,1.1
1/28/2023 8:00:00 PM,48,0.8
1/28/2023 9:00:00 PM,35,0.583333
1/28/2023 10:00:00 PM,58,0.966667
1/28/2023 11:00:00 PM,39,0.65
1/29/2023 12:00:00 AM,64,1.066667
1/29/2023 1:00:00 AM,22,0.366667
1/29/2023 2:00:00 AM,1,0.016667
1/29/2023 3:00:00 AM,0,0
1/29/2023 4:00:00 AM,0,0
1/29/2023 5:00:00 AM,5,0.083333
1/29/2023 6:00:00 AM,1,0.016667
1/29/2023 7:00:00 AM,0,0
1/29/2023 8:00:00 AM,2,0.033333
1/29/2023 9:00:00 AM,31,0.516667
1/29/2023 10:00:00 AM,12,0.2
1/29/2023 11:00:00 AM,5,0.083333
1/29/2023 12:00:00 PM,25,0.416667
1/29/2023 1:00:00 PM,14,0.233333
1/29/2023 2:00:00 PM,46,0.766667
1/29/2023 3:00:00 PM,11,0.183333
1/29/2023 4:00:00 PM,7,0.116667
1/29/2023 5:00:00 PM,14,0.233333
1/29/2023 6:00:00 PM,3,0.05
1/29/2023 7:00:00 PM,83,1.383333
1/29/2023 8:00:00 PM,11,0.183333
1/29/2023 9:00:00 PM,23,0.383333
1/29/2023 10:00:00 PM,18,0.3
1/29/2023 11:00:00 PM,18,0.3
1/30/2023 12:00:00 AM,63,1.05
1/30/2023 1:00:00 AM,2,0.033333
1/30/2023 2:00:00 AM,1,0.016667
1/30/2023 3:00:00 AM,0,0
1/30/2023 4:00:00 AM,2,0.033333
1/30/2023 5:00:00 AM,2,0.033333
1/30/2023 6:00:00 AM,2,0.033333
1/30/2023 7:00:00 AM,0,0
1/30/2023 8:00:00 AM,5,0.083333
1/30/2023 9:00:00 AM,4,0.066667
1/30/2023 10:00:00 AM,46,0.766667
1/30/2023 11:00:00 AM,7,0.116667
1/30/2023 12:00:00 PM,66,1.1
1/30/2023 1:00:00 PM,62,1.033333
1/30/2023 2:00:00 PM,4,0.066667
1/30/2023 3:00:00 PM,5,0.083333
1/30/2023 4:00:00 PM,41,0.683333
1/30/2023 5:00:00 PM,122,2.033333
1/30/2023 6:00:00 PM,68,1.133333
1/30/2023 7:00:00 PM,88,1.466667
1/30/2023 8:00:00 PM,16,0.266667
1/30/2023 9:00:00 PM,9,0.15
1/30/2023 10:00:00 PM,12,0.2
1/30/2023 11:00:00 PM,26,0.433333
1/31/2023 12:00:00 AM,68,1.133333
1/31/2023 1:00:00 AM,39,0.65
1/31/2023 2:00:00 AM,0,0
1/31/2023 3:00:00 AM,0,0
1/31/2023 4:00:00 AM,0,0
1/31/2023 5:00:00 AM,0,0
1/31/2023 6:00:00 AM,11,0.183333
1/31/2023 7:00:00 AM,0,0
1/31/2023 8:00:00 AM,14,0.233333
1/31/2023 9:00:00 AM,13,0.216667
1/31/2023 10:00:00 AM,9,0.15
1/31/2023 11:00:00 AM,16,0.266667
1/31/2023 12:00:00 PM,40,0.666667
1/31/2023 1:00:00 PM,30,0.5
1/31/2023 2:00:00 PM,42,0.7
1/31/2023 3:00:00 PM,40,0.666667
1/31/2023 4:00:00 PM,6,0.1
1/31/2023 5:00:00 PM,12,0.2
1/31/2023 6:00:00 PM,41,0.683333
1/31/2023 7:00:00 PM,75,1.25
1/31/2023 8:00:00 PM,7,0.116667
1/31/2023 9:00:00 PM,66,1.1
1/31/2023 10:00:00 PM,43,0.716667
1/31/2023 11:00:00 PM,64,1.066667
2/1/2023 12:00:00 AM,31,0.516667
2/1/2023 1:00:00 AM,0,0
2/1/2023 2:00:00 AM,5,0.083333
2/1/2023 3:00:00 AM,0,0
2/1/2023 4:00:00 AM,2,0.033333
2/1/2023 5:00:00 AM,0,0
2/1/2023 6:00:00 AM,0,0
2/1/2023 7:00:00 AM,5,0.083333
2/1/2023 8:00:00 AM,15,0.25
2/1/2023 9:00:00 AM,0,0
2/1/2023 10:00:00 AM,0,0
2/1/2023 11:00:00 AM,0,0
2/1/2023 12:00:00 PM,4,0.066667
2/1/2023 1:00:00 PM,8,0.133333
2/1/2023 2:00:00 PM,39,0.65
2/1/2023 3:00:00 PM,18,0.3
2/1/2023 4:00:00 PM,4,0.066667
2/1/2023 5:00:00 PM,8,0.133333
2/1/2023 6:00:00 PM,74,1.233333
2/1/2023 7:00:00 PM,35,0.583333
2/1/2023 8:00:00 PM,38,0.633333
2/1/2023 9:00:00 PM,11,0.183333
2/1/2023 10:00:00 PM,33,0.55
2/1/2023 11:00:00 PM,38,0.633333
2/2/2023 12:00:00 AM,43,0.716667
2/2/2023 1:00:00 AM,0,0
2/2/2023 2:00:00 AM,0,0
2/2/2023 3:00:00 AM,2,0.033333
2/2/2023 4:00:00 AM,0,0
2/2/2023 5:00:00 AM,0,0
2/2/2023 6:00:00 AM,0,0
2/2/2023 7:00:00 AM,36,0.6
2/2/2023 8:00:00 AM,5,0.083333
2/2/2023 9:00:00 AM,8,0.133333
2/2/2023 10:00:00 AM,57,0.95
2/2/2023 11:00:00 AM,1,0.016667
2/2/2023 12:00:00 PM,48,0.8
2/2/2023 1:00:00 PM,16,0.266667
2/2/2023 2:00:00 PM,21,0.35
2/2/2023 3:00:00 PM,10,0.166667
2/2/2023 4:00:00 PM,0,0
2/2/2023 5:00:00 PM,2,0.033333
2/2/2023 6:00:00 PM,9,0.15
2/2/2023 7:00:00 PM,64,1.066667
2/2/2023 8:00:00 PM,38,0.633333
2/2/2023 9:00:00 PM,40,0.666667
2/2/2023 10:00:00 PM,56,0.933333
2/2/2023 11:00:00 PM,82,1.366667
2/3/2023 12:00:00 AM,10,0.166667
2/3/2023 1:00:00 AM,1,0.016667
2/3/2023 2:00:00 AM,0,0
2/3/2023 3:00:00 AM,0,0
2/3/2023 4:00:00 AM,4,0.066667
2/3/2023 5:00:00 AM,0,0
2/3/2023 6:00:00 AM,0,0
2/3/2023 7:00:00 AM,11,0.183333
2/3/2023 8:00:00 AM,0,0
2/3/2023 9:00:00 AM,5,0.083333
2/3/2023 10:00:00 AM,2,0.033333
2/3/2023 11:00:00 AM,0,0
2/3/2023 12:00:00 PM,0,0
2/3/2023 1:00:00 PM,0,0
2/3/2023 2:00:00 PM,0,0
2/3/2023 3:00:00 PM,38,0.633333
2/3/2023 4:00:00 PM,1,0.016667
2/3/2023 5:00:00 PM,0,0
2/3/2023 6:00:00 PM,49,0.816667
2/3/2023 7:00:00 PM,70,1.166667
2/3/2023 8:00:00 PM,57,0.95
2/3/2023 9:00:00 PM,37,0.616667
2/3/2023 10:00:00 PM,71,1.183333
2/3/2023 11:00:00 PM,76,1.266667
2/4/2023 12:00:00 AM,49,0.816667
2/4/2023 1:00:00 AM,2,0.033333
2/4/2023 2:00:00 AM,3,0.05
2/4/2023 3:00:00 AM,9,0.15
2/4/2023 4:00:00 AM,10,0.166667
2/4/2023 5:00:00 AM,8,0.133333
2/4/2023 6:00:00 AM,9,0.15
2/4/2023 7:00:00 AM,0,0
2/4/2023 8:00:00 AM,0,0
2/4/2023 9:00:00 AM,25,0.416667
2/4/2023 10:00:00 AM,43,0.716667
2/4/2023 11:00:00 AM,2,0.033333
2/4/2023 12:00:00 PM,2,0.033333
2/4/2023 1:00:00 PM,27,0.45
2/4/2023 2:00:00 PM,39,0.65
2/4/2023 3:00:00 PM,9,0.15
2/4/2023 4:00:00 PM,8,0.133333
2/4/2023 5:00:00 PM,19,0.316667
2/4/2023 6:00:00 PM,16,0.266667
2/4/2023 7:00:00 PM,56,0.933333
2/4/2023 8:00:00 PM,26,0.433333
2/4/2023 9:00:00 PM,17,0.283333
2/4/2023 10:00:00 PM,45,0.75
2/4/2023 11:00:00 PM,42,0.7
2/5/2023 12:00:00 AM,18,0.3
2/5/2023 1:00:00 AM,0,0
2/5/2023 2:00:00 AM,0,0
2/5/2023 3:00:00 AM,0,0
2/5/2023 4:00:00 AM,0,0
2/5/2023 5:00:00 AM,8,0.133333
2/5/2023 6:00:00 AM,0,0
2/5/2023 7:00:00 AM,1,0.016667
2/5/2023 8:00:00 AM,0,0
2/5/2023 9:00:00 AM,3,0.05
2/5/2023 10:00:00 AM,1,0.016667
2/5/2023 11:00:00 AM,31,0.516667
2/5/2023 12:00:00 PM,75,1.25
2/5/2023 1:00:00 PM,19,0.316667
2/5/2023 2:00:00 PM,7,0.116667
2/5/2023 3:00:00 PM,17,0.283333
2/5/2023 4:00:00 PM,0,0
2/5/2023 5:00:00 PM,32,0.533333
2/5/2023 6:00:00 PM,94,1.566667
2/5/2023 7:00:00 PM,101,1.683333
2/5/2023 8:00:00 PM,26,0.433333
2/5/2023 9:00:00 PM,77,1.283333
2/5/2023 10:00:00 PM,15,0.25
2/5/2023 11:00:00 PM,41,0.683333
2/6/2023 12:00:00 AM,75,1.25
2/6/2023 1:00:00 AM,3,0.05
2/6/2023 2:00:00 AM,0,0
2/6/2023 3:00:00 AM,1,0.016667
2/6/2023 4:00:00 AM,0,0
2/6/2023 5:00:00 AM,0,0
2/6/2023 6:00:00 AM,3,0.05
2/6/2023 7:00:00 AM,0,0
2/6/2023 8:00:00 AM,0,0
2/6/2023 9:00:00 AM,11,0.183333
2/6/2023 10:00:00 AM,48,0.8
2/6/2023 11:00:00 AM,17,0.283333
2/6/2023 12:00:00 PM,90,1.5
2/6/2023 1:00:00 PM,25,0.416667
2/6/2023 2:00:00 PM,24,0.4
2/6/2023 3:00:00 PM,75,1.25
2/6/2023 4:00:00 PM,30,0.5
2/6/2023 5:00:00 PM,75,1.25
2/6/2023 6:00:00 PM,40,0.666667
2/6/2023 7:00:00 PM,63,1.05
2/6/2023 8:00:00 PM,64,1.066667
2/6/2023 9:00:00 PM,49,0.816667
2/6/2023 10:00:00 PM,87,1.45
2/6/2023 11:00:00 PM,71,1.183333
2/7/2023 12:00:00 AM,16,0.266667
2/7/2023 1:00:00 AM,8,0.133333
2/7/2023 2:00:00 AM,1,0.016667
2/7/2023 3:00:00 AM,0,0
2/7/2023 4:00:00 AM,0,0
2/7/2023 5:00:00 AM,2,0.033333
2/7/2023 6:00:00 AM,5,0.083333
2/7/2023 7:00:00 AM,0,0
2/7/2023 8:00:00 AM,12,0.2
2/7/2023 9:00:00 AM,4,0.066667
2/7/2023 10:00:00 AM,11,0.183333
2/7/2023 11:00:00 AM,2,0.033333
2/7/2023 12:00:00 PM,92,1.533333
2/7/2023 1:00:00 PM,12,0.2
2/7/2023 2:00:00 PM,60,1
2/7/2023 3:00:00 PM,31,0.516667
2/7/2023 4:00:00 PM,0,0
2/7/2023 5:00:00 PM,2,0.033333
2/7/2023 6:00:00 PM,58,0.966667
2/7/2023 7:00:00 PM,49,0.816667
2/7/2023 8:00:00 PM,4,0.066667
2/7/2023 9:00:00 PM,15,0.25
2/7/2023 10:00:00 PM,14,0.233333
2/7/2023 11:00:00 PM,12,0.2
2/8/2023 12:00:00 AM,4,0.066667
2/8/2023 1:00:00 AM,1,0.016667
2/8/2023 2:00:00 AM,4,0.066667
2/8/2023 3:00:00 AM,0,0
2/8/2023 4:00:00 AM,0,0
2/8/2023 5:00:00 AM,1,0.016667
2/8/2023 6:00:00 AM,8,0.133333
2/8/2023 7:00:00 AM,0,0
2/8/2023 8:00:00 AM,40,0.666667
2/8/2023 9:00:00 AM,3,0.05
2/8/2023 10:00:00 AM,2,0.033333
2/8/2023 11:00:00 AM,3,0.05
2/8/2023 12:00:00 PM,10,0.166667
2/8/2023 1:00:00 PM,28,0.466667
2/8/2023 2:00:00 PM,92,1.533333
2/8/2023 3:00:00 PM,40,0.666667
2/8/2023 4:00:00 PM,23,0.383333
2/8/2023 5:00:00 PM,74,1.233333
2/8/2023 6:00:00 PM,51,0.85
2/8/2023 7:00:00 PM,106,1.766667
2/8/2023 8:00:00 PM,62,1.033333
2/8/2023 9:00:00 PM,25,0.416667
2/8/2023 10:00:00 PM,57,0.95
2/8/2023 11:00:00 PM,56,0.933333
2/9/2023 12:00:00 AM,60,1
2/9/2023 1:00:00 AM,3,0.05
2/9/2023 2:00:00 AM,0,0
2/9/2023 3:00:00 AM,3,0.05
2/9/2023 4:00:00 AM,0,0
2/9/2023 5:00:00 AM,0,0
2/9/2023 6:00:00 AM,0,0
2/9/2023 7:00:00 AM,0,0
2/9/2023 8:00:00 AM,0,0
2/9/2023 9:00:00 AM,46,0.766667
2/9/2023 10:00:00 AM,108,1.8
2/9/2023 11:00:00 AM,53,0.883333
2/9/2023 12:00:00 PM,10,0.166667
2/9/2023 1:00:00 PM,18,0.3
2/9/2023 2:00:00 PM,52,0.866667
2/9/2023 3:00:00 PM,51,0.85
2/9/2023 4:00:00 PM,51,0.85
2/9/2023 5:00:00 PM,56,0.933333
2/9/2023 6:00:00 PM,51,0.85
2/9/2023 7:00:00 PM,131,2.183333
2/9/2023 8:00:00 PM,14,0.233333
2/9/2023 9:00:00 PM,17,0.283333
2/9/2023 10:00:00 PM,34,0.566667
2/9/2023 11:00:00 PM,76,1.266667
2/10/2023 12:00:00 AM,42,0.7
2/10/2023 1:00:00 AM,0,0
2/10/2023 2:00:00 AM,0,0
2/10/2023 3:00:00 AM,0,0
2/10/2023 4:00:00 AM,3,0.05
2/10/2023 5:00:00 AM,0,0
2/10/2023 6:00:00 AM,3,0.05
2/10/2023 7:00:00 AM,0,0
2/10/2023 8:00:00 AM,11,0.183333
2/10/2023 9:00:00 AM,38,0.633333
2/10/2023 10:00:00 AM,29,0.483333
2/10/2023 11:00:00 AM,13,0.216667
2/10/2023 12:00:00 PM,59,0.983333
2/10/2023 1:00:00 PM,39,0.65
2/10/2023 2:00:00 PM,75,1.25
2/10/2023 3:00:00 PM,47,0.783333
2/10/2023 4:00:00 PM,3,0.05
2/10/2023 5:00:00 PM,7,0.116667
2/10/2023 6:00:00 PM,59,0.983333
2/10/2023 7:00:00 PM,57,0.95
2/10/2023 8:00:00 PM,48,0.8
2/10/2023 9:00:00 PM,12,0.2
2/10/2023 10:00:00 PM,24,0.4
2/10/2023 11:00:00 PM,29,0.483333
2/11/2023 12:00:00 AM,39,0.65
2/11/2023 1:00:00 AM,0,0
2/11/2023 2:00:00 AM,0,0
2/11/2023 3:00:00 AM,2,0.033333
2/11/2023 4:00:00 AM,3,0.05
2/11/2023 5:00:00 AM,0,0
2/11/2023 6:00:00 AM,0,0
2/11/2023 7:00:00 AM,0,0
2/11/2023 8:00:00 AM,2,0.033333
2/11/2023 9:00:00 AM,4,0.066667
2/11/2023 10:00:00 AM,51,0.85
2/11/2023 11:00:00 AM,0,0
2/11/2023 12:00:00 PM,10,0.166667
2/11/2023 1:00:00 PM,6,0.1
2/11/2023 2:00:00 PM,84,1.4
2/11/2023 3:00:00 PM,24,0.4
2/11/2023 4:00:00 PM,0,0
2/11/2023 5:00:00 PM,1,0.016667
2/11/2023 6:00:00 PM,9,0.15
2/11/2023 7:00:00 PM,36,0.6
2/11/2023 8:00:00 PM,37,0.616667
2/11/2023 9:00:00 PM,73,1.216667
2/11/2023 10:00:00 PM,41,0.683333
2/11/2023 11:00:00 PM,26,0.433333
2/12/2023 12:00:00 AM,43,0.716667
2/12/2023 1:00:00 AM,42,0.7
2/12/2023 2:00:00 AM,9,0.15
2/12/2023 3:00:00 AM,5,0.083333
2/12/2023 4:00:00 AM,11,0.183333
2/12/2023 5:00:00 AM,5,0.083333
2/12/2023 6:00:00 AM,4,0.066667
2/12/2023 7:00:00 AM,3,0.05
2/12/2023 8:00:00 AM,2,0.033333
2/12/2023 9:00:00 AM,0,0
2/12/2023 10:00:00 AM,0,0
2/12/2023 11:00:00 AM,23,0.383333
2/12/2023 12:00:00 PM,25,0.416667
2/12/2023 1:00:00 PM,14,0.233333
2/12/2023 2:00:00 PM,14,0.233333
2/12/2023 3:00:00 PM,0,0
2/12/2023 4:00:00 PM,25,0.416667
2/12/2023 5:00:00 PM,51,0.85
2/12/2023 6:00:00 PM,26,0.433333
2/12/2023 7:00:00 PM,15,0.25
2/12/2023 8:00:00 PM,7,0.116667
2/12/2023 9:00:00 PM,20,0.333333
2/12/2023 10:00:00 PM,11,0.183333
2/12/2023 11:00:00 PM,11,0.183333
2/13/2023 12:00:00 AM,4,0.066667
2/13/2023 1:00:00 AM,0,0
2/13/2023 2:00:00 AM,0,0
2/13/2023 3:00:00 AM,0,0
2/13/2023 4:00:00 AM,0,0
2/13/2023 5:00:00 AM,0,0
2/13/2023 6:00:00 AM,0,0
2/13/2023 7:00:00 AM,0,0
2/13/2023 8:00:00 AM,0,0
2/13/2023 9:00:00 AM,0,0
2/13/2023 10:00:00 AM,35,0.583333
2/13/2023 11:00:00 AM,5,0.083333
2/13/2023 12:00:00 PM,1,0.016667
2/13/2023 1:00:00 PM,0,0
2/13/2023 2:00:00 PM,0,0
2/13/2023 3:00:00 PM,0,0
2/13/2023 4:00:00 PM,0,0
2/13/2023 5:00:00 PM,0,0
2/13/2023 6:00:00 PM,0,0
2/13/2023 7:00:00 PM,0,0
2/13/2023 8:00:00 PM,12,0.2
2/13/2023 9:00:00 PM,33,0.55
2/13/2023 10:00:00 PM,17,0.283333
2/13/2023 11:00:00 PM,28,0.466667
2/14/2023 12:00:00 AM,24,0.4
2/14/2023 1:00:00 AM,1,0.016667
2/14/2023 2:00:00 AM,1,0.016667
2/14/2023 3:00:00 AM,0,0
2/14/2023 4:00:00 AM,0,0
2/14/2023 5:00:00 AM,0,0
2/14/2023 6:00:00 AM,3,0.05
2/14/2023 7:00:00 AM,1,0.016667
2/14/2023 8:00:00 AM,16,0.266667
2/14/2023 9:00:00 AM,0,0
2/14/2023 10:00:00 AM,2,0.033333
2/14/2023 11:00:00 AM,51,0.85
2/14/2023 12:00:00 PM,4,0.066667
2/14/2023 1:00:00 PM,16,0.266667
2/14/2023 2:00:00 PM,37,0.616667
2/14/2023 3:00:00 PM,9,0.15
2/14/2023 4:00:00 PM,1,0.016667
2/14/2023 5:00:00 PM,1,0.016667
2/14/2023 6:00:00 PM,65,1.083333
2/14/2023 7:00:00 PM,37,0.616667
2/14/2023 8:00:00 PM,16,0.266667
2/14/2023 9:00:00 PM,13,0.216667
2/14/2023 10:00:00 PM,21,0.35
2/14/2023 11:00:00 PM,36,0.6
2/15/2023 12:00:00 AM,37,0.616667
2/15/2023 1:00:00 AM,0,0
2/15/2023 2:00:00 AM,0,0
2/15/2023 3:00:00 AM,18,0.3
2/15/2023 4:00:00 AM,0,0
2/15/2023 5:00:00 AM,0,0
2/15/2023 6:00:00 AM,0,0
2/15/2023 7:00:00 AM,1,0.016667
2/15/2023 8:00:00 AM,0,0
2/15/2023 9:00:00 AM,7,0.116667
2/15/2023 10:00:00 AM,9,0.15
2/15/2023 11:00:00 AM,5,0.083333
2/15/2023 12:00:00 PM,11,0.183333
2/15/2023 1:00:00 PM,2,0.033333
2/15/2023 2:00:00 PM,3,0.05
2/15/2023 3:00:00 PM,2,0.033333
2/15/2023 4:00:00 PM,5,0.083333
2/15/2023 5:00:00 PM,8,0.133333
2/15/2023 6:00:00 PM,5,0.083333
2/15/2023 7:00:00 PM,17,0.283333
2/15/2023 8:00:00 PM,6,0.1
2/15/2023 9:00:00 PM,4,0.066667
2/15/2023 10:00:00 PM,8,0.133333
2/15/2023 11:00:00 PM,2,0.033333
2/16/2023 12:00:00 AM,3,0.05
2/16/2023 1:00:00 AM,0,0
2/16/2023 2:00:00 AM,4,0.066667
2/16/2023 3:00:00 AM,0,0
2/16/2023 4:00:00 AM,0,0
2/16/2023 5:00:00 AM,0,0
2/16/2023 6:00:00 AM,0,0
2/16/2023 7:00:00 AM,1,0.016667
2/16/2023 8:00:00 AM,0,0
2/16/2023 9:00:00 AM,19,0.316667
2/16/2023 10:00:00 AM,5,0.083333
2/16/2023 11:00:00 AM,7,0.116667
2/16/2023 12:00:00 PM,4,0.066667
2/16/2023 1:00:00 PM,2,0.033333
2/16/2023 2:00:00 PM,7,0.116667
2/16/2023 3:00:00 PM,3,0.05
2/16/2023 4:00:00 PM,5,0.083333
2/16/2023 5:00:00 PM,2,0.033333
2/16/2023 6:00:00 PM,5,0.083333
2/16/2023 7:00:00 PM,9,0.15
2/16/2023 8:00:00 PM,2,0.033333
2/16/2023 9:00:00 PM,13,0.216667
2/16/2023 10:00:00 PM,19,0.316667
2/16/2023 11:00:00 PM,6,0.1
2/17/2023 12:00:00 AM,22,0.366667
2/17/2023 1:00:00 AM,14,0.233333
2/17/2023 2:00:00 AM,1,0.016667
2/17/2023 3:00:00 AM,6,0.1
2/17/2023 4:00:00 AM,0,0
2/17/2023 5:00:00 AM,0,0
2/17/2023 6:00:00 AM,0,0
2/17/2023 7:00:00 AM,2,0.033333
2/17/2023 8:00:00 AM,1,0.016667
2/17/2023 9:00:00 AM,12,0.2
2/17/2023 10:00:00 AM,20,0.333333
2/17/2023 11:00:00 AM,55,0.916667
2/17/2023 12:00:00 PM,3,0.05
2/17/2023 1:00:00 PM,5,0.083333
2/17/2023 2:00:00 PM,0,0
2/17/2023 3:00:00 PM,9,0.15
2/17/2023 4:00:00 PM,5,0.083333
2/17/2023 5:00:00 PM,14,0.233333
2/17/2023 6:00:00 PM,18,0.3
2/17/2023 7:00:00 PM,17,0.283333
2/17/2023 8:00:00 PM,33,0.55
2/17/2023 9:00:00 PM,23,0.383333
2/17/2023 10:00:00 PM,13,0.216667
2/17/2023 11:00:00 PM,41,0.683333
2/18/2023 12:00:00 AM,30,0.5
2/18/2023 1:00:00 AM,8,0.133333
2/18/2023 2:00:00 AM,26,0.433333
2/18/2023 3:00:00 AM,3,0.05
2/18/2023 4:00:00 AM,7,0.116667
2/18/2023 5:00:00 AM,0,0
2/18/2023 6:00:00 AM,0,0
2/18/2023 7:00:00 AM,3,0.05
2/18/2023 8:00:00 AM,1,0.016667
2/18/2023 9:00:00 AM,1,0.016667
2/18/2023 10:00:00 AM,16,0.266667
2/18/2023 11:00:00 AM,13,0.216667
2/18/2023 12:00:00 PM,75,1.25
2/18/2023 1:00:00 PM,57,0.95
2/18/2023 2:00:00 PM,48,0.8
2/18/2023 3:00:00 PM,9,0.15
2/18/2023 4:00:00 PM,80,1.333333
2/18/2023 5:00:00 PM,109,1.816667
2/18/2023 6:00:00 PM,77,1.283333
2/18/2023 7:00:00 PM,53,0.883333
2/18/2023 8:00:00 PM,13,0.216667
2/18/2023 9:00:00 PM,20,0.333333
2/18/2023 10:00:00 PM,5,0.083333
2/18/2023 11:00:00 PM,44,0.733333
2/19/2023 12:00:00 AM,68,1.133333
2/19/2023 1:00:00 AM,6,0.1
2/19/2023 2:00:00 AM,27,0.45
2/19/2023 3:00:00 AM,0,0
2/19/2023 4:00:00 AM,0,0
2/19/2023 5:00:00 AM,2,0.033333
2/19/2023 6:00:00 AM,0,0
2/19/2023 7:00:00 AM,0,0
2/19/2023 8:00:00 AM,6,0.1
2/19/2023 9:00:00 AM,1,0.016667
2/19/2023 10:00:00 AM,0,0
2/19/2023 11:00:00 AM,0,0
2/19/2023 12:00:00 PM,15,0.25
2/19/2023 1:00:00 PM,0,0
2/19/2023 2:00:00 PM,48,0.8
2/19/2023 3:00:00 PM,22,0.366667
2/19/2023 4:00:00 PM,44,0.733333
2/19/2023 5:00:00 PM,62,1.033333
2/19/2023 6:00:00 PM,58,0.966667
2/19/2023 7:00:00 PM,75,1.25
2/19/2023 8:00:00 PM,83,1.383333
2/19/2023 9:00:00 PM,57,0.95
2/19/2023 10:00:00 PM,36,0.6
2/19/2023 11:00:00 PM,22,0.366667
2/20/2023 12:00:00 AM,75,1.25
2/20/2023 1:00:00 AM,0,0
2/20/2023 2:00:00 AM,0,0
2/20/2023 3:00:00 AM,2,0.033333
2/20/2023 4:00:00 AM,2,0.033333
2/20/2023 5:00:00 AM,0,0
2/20/2023 6:00:00 AM,3,0.05
2/20/2023 7:00:00 AM,21,0.35
2/20/2023 8:00:00 AM,45,0.75
2/20/2023 9:00:00 AM,1,0.016667
2/20/2023 10:00:00 AM,17,0.283333
2/20/2023 11:00:00 AM,5,0.083333
2/20/2023 12:00:00 PM,18,0.3
2/20/2023 1:00:00 PM,19,0.316667
2/20/2023 2:00:00 PM,39,0.65
2/20/2023 3:00:00 PM,16,0.266667
2/20/2023 4:00:00 PM,2,0.033333
2/20/2023 5:00:00 PM,105,1.75
2/20/2023 6:00:00 PM,33,0.55
2/20/2023 7:00:00 PM,22,0.366667
2/20/2023 8:00:00 PM,52,0.866667
2/20/2023 9:00:00 PM,20,0.333333
2/20/2023 10:00:00 PM,20,0.333333
2/20/2023 11:00:00 PM,20,0.333333
2/21/2023 12:00:00 AM,40,0.666667
2/21/2023 1:00:00 AM,4,0.066667
2/21/2023 2:00:00 AM,1,0.016667
2/21/2023 3:00:00 AM,0,0
2/21/2023 4:00:00 AM,3,0.05
2/21/2023 5:00:00 AM,1,0.016667
2/21/2023 6:00:00 AM,0,0
2/21/2023 7:00:00 AM,20,0.333333
2/21/2023 8:00:00 AM,9,0.15
2/21/2023 9:00:00 AM,0,0
2/21/2023 10:00:00 AM,29,0.483333
2/21/2023 11:00:00 AM,54,0.9
2/21/2023 12:00:00 PM,6,0.1
2/21/2023 1:00:00 PM,3,0.05
2/21/2023 2:00:00 PM,34,0.566667
2/21/2023 3:00:00 PM,15,0.25
2/21/2023 4:00:00 PM,5,0.083333
2/21/2023 5:00:00 PM,64,1.066667
2/21/2023 6:00:00 PM,14,0.233333
2/21/2023 7:00:00 PM,11,0.183333
2/21/2023 8:00:00 PM,6,0.1
2/21/2023 9:00:00 PM,9,0.15
2/21/2023 10:00:00 PM,33,0.55
2/21/2023 11:00:00 PM,25,0.416667
2/22/2023 12:00:00 AM,83,1.383333
2/22/2023 1:00:00 AM,3,0.05
2/22/2023 2:00:00 AM,0,0
2/22/2023 3:00:00 AM,4,0.066667
2/22/2023 4:00:00 AM,0,0
2/22/2023 5:00:00 AM,0,0
2/22/2023 6:00:00 AM,0,0
2/22/2023 7:00:00 AM,0,0
2/22/2023 8:00:00 AM,42,0.7
2/22/2023 9:00:00 AM,3,0.05
2/22/2023 10:00:00 AM,3,0.05
2/22/2023 11:00:00 AM,3,0.05
2/22/2023 12:00:00 PM,4,0.066667
2/22/2023 1:00:00 PM,20,0.333333
2/22/2023 2:00:00 PM,63,1.05
2/22/2023 3:00:00 PM,20,0.333333
2/22/2023 4:00:00 PM,29,0.483333
2/22/2023 5:00:00 PM,26,0.433333
2/22/2023 6:00:00 PM,2,0.033333
2/22/2023 7:00:00 PM,16,0.266667
2/22/2023 8:00:00 PM,6,0.1
2/22/2023 9:00:00 PM,16,0.266667
2/22/2023 10:00:00 PM,20,0.333333
2/22/2023 11:00:00 PM,47,0.783333
2/23/2023 12:00:00 AM,72,1.2
2/23/2023 1:00:00 AM,7,0.116667
2/23/2023 2:00:00 AM,1,0.016667
2/23/2023 3:00:00 AM,0,0
2/23/2023 4:00:00 AM,0,0
2/23/2023 5:00:00 AM,5,0.083333
2/23/2023 6:00:00 AM,2,0.033333
2/23/2023 7:00:00 AM,0,0
2/23/2023 8:00:00 AM,0,0
2/23/2023 9:00:00 AM,8,0.133333
2/23/2023 10:00:00 AM,13,0.216667
2/23/2023 11:00:00 AM,5,0.083333
2/23/2023 12:00:00 PM,50,0.833333
2/23/2023 1:00:00 PM,12,0.2
2/23/2023 2:00:00 PM,5,0.083333
2/23/2023 3:00:00 PM,6,0.1
2/23/2023 4:00:00 PM,14,0.233333
2/23/2023 5:00:00 PM,7,0.116667
2/23/2023 6:00:00 PM,69,1.15
2/23/2023 7:00:00 PM,32,0.533333
2/23/2023 8:00:00 PM,2,0.033333
2/23/2023 9:00:00 PM,18,0.3
2/23/2023 10:00:00 PM,5,0.083333
2/23/2023 11:00:00 PM,15,0.25
2/24/2023 12:00:00 AM,7,0.116667
2/24/2023 1:00:00 AM,33,0.55
2/24/2023 2:00:00 AM,2,0.033333
2/24/2023 3:00:00 AM,2,0.033333
2/24/2023 4:00:00 AM,0,0
2/24/2023 5:00:00 AM,0,0
2/24/2023 6:00:00 AM,1,0.016667
2/24/2023 7:00:00 AM,17,0.283333
2/24/2023 8:00:00 AM,15,0.25
2/24/2023 9:00:00 AM,43,0.716667
2/24/2023 10:00:00 AM,2,0.033333
2/24/2023 11:00:00 AM,43,0.716667
2/24/2023 12:00:00 PM,6,0.1
2/24/2023 1:00:00 PM,31,0.516667
2/24/2023 2:00:00 PM,71,1.183333
2/24/2023 3:00:00 PM,37,0.616667
2/24/2023 4:00:00 PM,30,0.5
2/24/2023 5:00:00 PM,32,0.533333
2/24/2023 6:00:00 PM,20,0.333333
2/24/2023 7:00:00 PM,58,0.966667
2/24/2023 8:00:00 PM,12,0.2
2/24/2023 9:00:00 PM,6,0.1
2/24/2023 10:00:00 PM,50,0.833333
2/24/2023 11:00:00 PM,57,0.95
2/25/2023 12:00:00 AM,45,0.75
2/25/2023 1:00:00 AM,4,0.066667
2/25/2023 2:00:00 AM,0,0
2/25/2023 3:00:00 AM,0,0
2/25/2023 4:00:00 AM,2,0.033333
2/25/2023 5:00:00 AM,0,0
2/25/2023 6:00:00 AM,0,0
2/25/2023 7:00:00 AM,0,0
2/25/2023 8:00:00 AM,1,0.016667
2/25/2023 9:00:00 AM,12,0.2
2/25/2023 10:00:00 AM,22,0.366667
2/25/2023 11:00:00 AM,0,0
2/25/2023 12:00:00 PM,8,0.133333
2/25/2023 1:00:00 PM,7,0.116667
2/25/2023 2:00:00 PM,41,0.683333
2/25/2023 3:00:00 PM,4,0.066667
2/25/2023 4:00:00 PM,2,0.033333
2/25/2023 5:00:00 PM,46,0.766667
2/25/2023 6:00:00 PM,140,2.333333
2/25/2023 7:00:00 PM,14,0.233333
2/25/2023 8:00:00 PM,28,0.466667
2/25/2023 9:00:00 PM,27,0.45
2/25/2023 10:00:00 PM,42,0.7
2/25/2023 11:00:00 PM,33,0.55
2/26/2023 12:00:00 AM,55,0.916667
2/26/2023 1:00:00 AM,36,0.6
2/26/2023 2:00:00 AM,0,0
2/26/2023 3:00:00 AM,1,0.016667
2/26/2023 4:00:00 AM,0,0
2/26/2023 5:00:00 AM,0,0
2/26/2023 6:00:00 AM,0,0
2/26/2023 7:00:00 AM,0,0
2/26/2023 8:00:00 AM,3,0.05
2/26/2023 9:00:00 AM,0,0
2/26/2023 10:00:00 AM,0,0
2/26/2023 11:00:00 AM,14,0.233333
2/26/2023 12:00:00 PM,10,0.166667
2/26/2023 1:00:00 PM,0,0
2/26/2023 2:00:00 PM,6,0.1
2/26/2023 3:00:00 PM,27,0.45
2/26/2023 4:00:00 PM,28,0.466667
2/26/2023 5:00:00 PM,14,0.233333
2/26/2023 6:00:00 PM,27,0.45
2/26/2023 7:00:00 PM,132,2.2
2/26/2023 8:00:00 PM,12,0.2
2/26/2023 9:00:00 PM,11,0.183333
2/26/2023 10:00:00 PM,6,0.1
2/26/2023 11:00:00 PM,17,0.283333
2/27/2023 12:00:00 AM,41,0.683333
2/27/2023 1:00:00 AM,1,0.016667
2/27/2023 2:00:00 AM,0,0
2/27/2023 3:00:00 AM,3,0.05
2/27/2023 4:00:00 AM,0,0
2/27/2023 5:00:00 AM,0,0
2/27/2023 6:00:00 AM,6,0.1
2/27/2023 7:00:00 AM,1,0.016667
2/27/2023 8:00:00 AM,4,0.066667
2/27/2023 9:00:00 AM,101,1.683333
2/27/2023 10:00:00 AM,16,0.266667
2/27/2023 11:00:00 AM,33,0.55
2/27/2023 12:00:00 PM,26,0.433333
2/27/2023 1:00:00 PM,74,1.233333
2/27/2023 2:00:00 PM,3,0.05
2/27/2023 3:00:00 PM,0,0
2/27/2023 4:00:00 PM,7,0.116667
2/27/2023 5:00:00 PM,128,2.133333
2/27/2023 6:00:00 PM,113,1.883333
2/27/2023 7:00:00 PM,52,0.866667
2/27/2023 8:00:00 PM,51,0.85
2/27/2023 9:00:00 PM,24,0.4
2/27/2023 10:00:00 PM,53,0.883333
2/27/2023 11:00:00 PM,13,0.216667
2/28/2023 12:00:00 AM,44,0.733333
2/28/2023 1:00:00 AM,18,0.3
2/28/2023 2:00:00 AM,0,0
2/28/2023 3:00:00 AM,6,0.1
2/28/2023 4:00:00 AM,0,0
2/28/2023 5:00:00 AM,2,0.033333
2/28/2023 6:00:00 AM,15,0.25
2/28/2023 7:00:00 AM,3,0.05
2/28/2023 8:00:00 AM,24,0.4
2/28/2023 9:00:00 AM,1,0.016667
2/28/2023 10:00:00 AM,57,0.95
2/28/2023 11:00:00 AM,59,0.983333
2/28/2023 12:00:00 PM,90,1.5
2/28/2023 1:00:00 PM,59,0.983333
2/28/2023 2:00:00 PM,104,1.733333
2/28/2023 3:00:00 PM,20,0.333333
2/28/2023 4:00:00 PM,5,0.083333
2/28/2023 5:00:00 PM,56,0.933333
2/28/2023 6:00:00 PM,5,0.083333
2/28/2023 7:00:00 PM,16,0.266667
2/28/2023 8:00:00 PM,43,0.716667
2/28/2023 9:00:00 PM,12,0.2
2/28/2023 10:00:00 PM,23,0.383333
2/28/2023 11:00:00 PM,25,0.416667
3/1/2023 12:00:00 AM,68,1.133333
3/1/2023 1:00:00 AM,15,0.25
3/1/2023 2:00:00 AM,0,0
3/1/2023 3:00:00 AM,0,0
3/1/2023 4:00:00 AM,0,0
3/1/2023 5:00:00 AM,12,0.2
3/1/2023 6:00:00 AM,14,0.233333
3/1/2023 7:00:00 AM,45,0.75
3/1/2023 8:00:00 AM,15,0.25
3/1/2023 9:00:00 AM,1,0.016667
3/1/2023 10:00:00 AM,2,0.033333
3/1/2023 11:00:00 AM,3,0.05
3/1/2023 12:00:00 PM,7,0.116667
3/1/2023 1:00:00 PM,10,0.166667
3/1/2023 2:00:00 PM,46,0.766667
3/1/2023 3:00:00 PM,3,0.05
3/1/2023 4:00:00 PM,5,0.083333
3/1/2023 5:00:00 PM,2,0.033333
3/1/2023 6:00:00 PM,0,0
3/1/2023 7:00:00 PM,12,0.2
3/1/2023 8:00:00 PM,36,0.6
3/1/2023 9:00:00 PM,13,0.216667
3/1/2023 10:00:00 PM,17,0.283333
3/1/2023 11:00:00 PM,37,0.616667
3/2/2023 12:00:00 AM,58,0.966667
3/2/2023 1:00:00 AM,3,0.05
3/2/2023 2:00:00 AM,6,0.1
3/2/2023 3:00:00 AM,0,0
3/2/2023 4:00:00 AM,0,0
3/2/2023 5:00:00 AM,3,0.05
3/2/2023 6:00:00 AM,0,0
3/2/2023 7:00:00 AM,1,0.016667
3/2/2023 8:00:00 AM,0,0
3/2/2023 9:00:00 AM,45,0.75
3/2/2023 10:00:00 AM,29,0.483333
3/2/2023 11:00:00 AM,9,0.15
3/2/2023 12:00:00 PM,65,1.083333
3/2/2023 1:00:00 PM,40,0.666667
3/2/2023 2:00:00 PM,52,0.866667
3/2/2023 3:00:00 PM,17,0.283333
3/2/2023 4:00:00 PM,14,0.233333
3/2/2023 5:00:00 PM,27,0.45
3/2/2023 6:00:00 PM,15,0.25
3/2/2023 7:00:00 PM,47,0.783333
3/2/2023 8:00:00 PM,13,0.216667
3/2/2023 9:00:00 PM,16,0.266667
3/2/2023 10:00:00 PM,73,1.216667
3/2/2023 11:00:00 PM,14,0.233333
3/3/2023 12:00:00 AM,46,0.766667
3/3/2023 1:00:00 AM,9,0.15
3/3/2023 2:00:00 AM,7,0.116667
3/3/2023 3:00:00 AM,0,0
3/3/2023 4:00:00 AM,1,0.016667
3/3/2023 5:00:00 AM,3,0.05
3/3/2023 6:00:00 AM,0,0
3/3/2023 7:00:00 AM,44,0.733333
3/3/2023 8:00:00 AM,22,0.366667
3/3/2023 9:00:00 AM,2,0.033333
3/3/2023 10:00:00 AM,2,0.033333
3/3/2023 11:00:00 AM,10,0.166667
3/3/2023 12:00:00 PM,83,1.383333
3/3/2023 1:00:00 PM,46,0.766667
3/3/2023 2:00:00 PM,76,1.266667
3/3/2023 3:00:00 PM,39,0.65
3/3/2023 4:00:00 PM,1,0.016667
3/3/2023 5:00:00 PM,3,0.05
3/3/2023 6:00:00 PM,48,0.8
3/3/2023 7:00:00 PM,39,0.65
3/3/2023 8:00:00 PM,18,0.3
3/3/2023 9:00:00 PM,4,0.066667
3/3/2023 10:00:00 PM,37,0.616667
3/3/2023 11:00:00 PM,39,0.65
3/4/2023 12:00:00 AM,50,0.833333
3/4/2023 1:00:00 AM,19,0.316667
3/4/2023 2:00:00 AM,2,0.033333
3/4/2023 3:00:00 AM,0,0
3/4/2023 4:00:00 AM,4,0.066667
3/4/2023 5:00:00 AM,1,0.016667
3/4/2023 6:00:00 AM,4,0.066667
3/4/2023 7:00:00 AM,7,0.116667
3/4/2023 8:00:00 AM,1,0.016667
3/4/2023 9:00:00 AM,24,0.4
3/4/2023 10:00:00 AM,34,0.566667
3/4/2023 11:00:00 AM,4,0.066667
3/4/2023 12:00:00 PM,0,0
3/4/2023 1:00:00 PM,11,0.183333
3/4/2023 2:00:00 PM,24,0.4
3/4/2023 3:00:00 PM,8,0.133333
3/4/2023 4:00:00 PM,8,0.133333
3/4/2023 5:00:00 PM,3,0.05
3/4/2023 6:00:00 PM,0,0
3/4/2023 7:00:00 PM,19,0.316667
3/4/2023 8:00:00 PM,30,0.5
3/4/2023 9:00:00 PM,80,1.333333
3/4/2023 10:00:00 PM,76,1.266667
3/4/2023 11:00:00 PM,63,1.05
3/5/2023 12:00:00 AM,43,0.716667
3/5/2023 1:00:00 AM,39,0.65
3/5/2023 2:00:00 AM,36,0.6
3/5/2023 3:00:00 AM,1,0.016667
3/5/2023 4:00:00 AM,2,0.033333
3/5/2023 5:00:00 AM,1,0.016667
3/5/2023 6:00:00 AM,1,0.016667
3/5/2023 7:00:00 AM,1,0.016667
3/5/2023 8:00:00 AM,1,0.016667
3/5/2023 9:00:00 AM,0,0
3/5/2023 10:00:00 AM,7,0.116667
3/5/2023 11:00:00 AM,62,1.033333
3/5/2023 12:00:00 PM,85,1.416667
3/5/2023 1:00:00 PM,72,1.2
3/5/2023 2:00:00 PM,69,1.15
3/5/2023 3:00:00 PM,72,1.2
3/5/2023 4:00:00 PM,27,0.45
3/5/2023 5:00:00 PM,17,0.283333
3/5/2023 6:00:00 PM,6,0.1
3/5/2023 7:00:00 PM,21,0.35
3/5/2023 8:00:00 PM,61,1.016667
3/5/2023 9:00:00 PM,26,0.433333
3/5/2023 10:00:00 PM,25,0.416667
3/5/2023 11:00:00 PM,83,1.383333
3/6/2023 12:00:00 AM,56,0.933333
3/6/2023 1:00:00 AM,8,0.133333
3/6/2023 2:00:00 AM,0,0
3/6/2023 3:00:00 AM,1,0.016667
3/6/2023 4:00:00 AM,0,0
3/6/2023 5:00:00 AM,6,0.1
3/6/2023 6:00:00 AM,10,0.166667
3/6/2023 7:00:00 AM,1,0.016667
3/6/2023 8:00:00 AM,0,0
3/6/2023 9:00:00 AM,44,0.733333
3/6/2023 10:00:00 AM,0,0
3/6/2023 11:00:00 AM,11,0.183333
3/6/2023 12:00:00 PM,39,0.65
3/6/2023 1:00:00 PM,12,0.2
3/6/2023 2:00:00 PM,13,0.216667
3/6/2023 3:00:00 PM,18,0.3
3/6/2023 4:00:00 PM,12,0.2
3/6/2023 5:00:00 PM,43,0.716667
3/6/2023 6:00:00 PM,43,0.716667
3/6/2023 7:00:00 PM,103,1.716667
3/6/2023 8:00:00 PM,54,0.9
3/6/2023 9:00:00 PM,62,1.033333
3/6/2023 10:00:00 PM,43,0.716667
3/6/2023 11:00:00 PM,41,0.683333
3/7/2023 12:00:00 AM,76,1.266667
3/7/2023 1:00:00 AM,0,0
3/7/2023 2:00:00 AM,1,0.016667
3/7/2023 3:00:00 AM,0,0
3/7/2023 4:00:00 AM,3,0.05
3/7/2023 5:00:00 AM,0,0
3/7/2023 6:00:00 AM,0,0
3/7/2023 7:00:00 AM,62,1.033333
3/7/2023 8:00:00 AM,59,0.983333
3/7/2023 9:00:00 AM,48,0.8
3/7/2023 10:00:00 AM,15,0.25
3/7/2023 11:00:00 AM,16,0.266667
3/7/2023 12:00:00 PM,61,1.016667
3/7/2023 1:00:00 PM,5,0.083333
3/7/2023 2:00:00 PM,56,0.933333
3/7/2023 3:00:00 PM,33,0.55
3/7/2023 4:00:00 PM,2,0.033333
3/7/2023 5:00:00 PM,18,0.3
3/7/2023 6:00:00 PM,70,1.166667
3/7/2023 7:00:00 PM,103,1.716667
3/7/2023 8:00:00 PM,58,0.966667
3/7/2023 9:00:00 PM,27,0.45
3/7/2023 10:00:00 PM,36,0.6
3/7/2023 11:00:00 PM,37,0.616667
3/8/2023 12:00:00 AM,56,0.933333
3/8/2023 1:00:00 AM,0,0
3/8/2023 2:00:00 AM,0,0
3/8/2023 3:00:00 AM,3,0.05
3/8/2023 4:00:00 AM,5,0.083333
3/8/2023 5:00:00 AM,0,0
3/8/2023 6:00:00 AM,0,0
3/8/2023 7:00:00 AM,46,0.766667
3/8/2023 8:00:00 AM,18,0.3
3/8/2023 9:00:00 AM,0,0
3/8/2023 10:00:00 AM,6,0.1
3/8/2023 11:00:00 AM,0,0
3/8/2023 12:00:00 PM,1,0.016667
3/8/2023 1:00:00 PM,11,0.183333
3/8/2023 2:00:00 PM,27,0.45
3/8/2023 3:00:00 PM,0,0
3/8/2023 4:00:00 PM,7,0.116667
3/8/2023 5:00:00 PM,14,0.233333
3/8/2023 6:00:00 PM,3,0.05
3/8/2023 7:00:00 PM,70,1.166667
3/8/2023 8:00:00 PM,48,0.8
3/8/2023 9:00:00 PM,53,0.883333
3/8/2023 10:00:00 PM,14,0.233333
3/8/2023 11:00:00 PM,10,0.166667
3/9/2023 12:00:00 AM,23,0.383333
3/9/2023 1:00:00 AM,46,0.766667
3/9/2023 2:00:00 AM,1,0.016667
3/9/2023 3:00:00 AM,0,0
3/9/2023 4:00:00 AM,0,0
3/9/2023 5:00:00 AM,0,0
3/9/2023 6:00:00 AM,14,0.233333
3/9/2023 7:00:00 AM,1,0.016667
3/9/2023 8:00:00 AM,0,0
3/9/2023 9:00:00 AM,25,0.416667
3/9/2023 10:00:00 AM,22,0.366667
3/9/2023 11:00:00 AM,8,0.133333
3/9/2023 12:00:00 PM,84,1.4
3/9/2023 1:00:00 PM,44,0.733333
3/9/2023 2:00:00 PM,9,0.15
3/9/2023 3:00:00 PM,27,0.45
3/9/2023 4:00:00 PM,30,0.5
3/9/2023 5:00:00 PM,22,0.366667
3/9/2023 6:00:00 PM,72,1.2
3/9/2023 7:00:00 PM,54,0.9
3/9/2023 8:00:00 PM,31,0.516667
3/9/2023 9:00:00 PM,12,0.2
3/9/2023 10:00:00 PM,0,0
3/9/2023 11:00:00 PM,0,0
3/10/2023 12:00:00 AM,0,0
3/10/2023 1:00:00 AM,0,0
3/10/2023 2:00:00 AM,0,0
3/10/2023 3:00:00 AM,0,0
3/10/2023 4:00:00 AM,0,0
3/10/2023 5:00:00 AM,0,0
3/10/2023 6:00:00 AM,0,0
3/10/2023 7:00:00 AM,8,0.133333
3/10/2023 8:00:00 AM,4,0.066667
3/10/2023 9:00:00 AM,3,0.05
3/10/2023 10:00:00 AM,7,0.116667
3/10/2023 11:00:00 AM,4,0.066667
3/10/2023 12:00:00 PM,78,1.3
3/10/2023 1:00:00 PM,58,0.966667
3/10/2023 2:00:00 PM,38,0.633333
3/10/2023 3:00:00 PM,13,0.216667
3/10/2023 4:00:00 PM,37,0.616667
3/10/2023 5:00:00 PM,17,0.283333
3/10/2023 6:00:00 PM,34,0.566667
3/10/2023 7:00:00 PM,87,1.45
3/10/2023 8:00:00 PM,49,0.816667
3/10/2023 9:00:00 PM,65,1.083333
3/10/2023 10:00:00 PM,12,0.2
3/10/2023 11:00:00 PM,59,0.983333
3/11/2023 12:00:00 AM,38,0.633333
3/11/2023 1:00:00 AM,20,0.333333
3/11/2023 2:00:00 AM,0,0
3/11/2023 3:00:00 AM,0,0
3/11/2023 4:00:00 AM,0,0
3/11/2023 5:00:00 AM,0,0
3/11/2023 6:00:00 AM,4,0.066667
3/11/2023 7:00:00 AM,1,0.016667
3/11/2023 8:00:00 AM,0,0
3/11/2023 9:00:00 AM,21,0.35
3/11/2023 10:00:00 AM,11,0.183333
3/11/2023 11:00:00 AM,6,0.1
3/11/2023 12:00:00 PM,4,0.066667
3/11/2023 1:00:00 PM,10,0.166667
3/11/2023 2:00:00 PM,41,0.683333
3/11/2023 3:00:00 PM,10,0.166667
3/11/2023 4:00:00 PM,80,1.333333
3/11/2023 5:00:00 PM,55,0.916667
3/11/2023 6:00:00 PM,6,0.1
3/11/2023 7:00:00 PM,20,0.333333
3/11/2023 8:00:00 PM,74,1.233333
3/11/2023 9:00:00 PM,34,0.566667
3/11/2023 10:00:00 PM,31,0.516667
3/11/2023 11:00:00 PM,18,0.3
3/12/2023 12:00:00 AM,28,0.466667
3/12/2023 1:00:00 AM,83,1.383333
3/12/2023 2:00:00 AM,0,0
3/12/2023 3:00:00 AM,2,0.033333
3/12/2023 4:00:00 AM,1,0.016667
3/12/2023 5:00:00 AM,2,0.033333
3/12/2023 6:00:00 AM,2,0.033333
3/12/2023 7:00:00 AM,0,0
3/12/2023 8:00:00 AM,0,0
3/12/2023 9:00:00 AM,11,0.183333
3/12/2023 10:00:00 AM,0,0
3/12/2023 11:00:00 AM,15,0.25
3/12/2023 12:00:00 PM,29,0.483333
3/12/2023 1:00:00 PM,21,0.35
3/12/2023 2:00:00 PM,8,0.133333
3/12/2023 3:00:00 PM,13,0.216667
3/12/2023 4:00:00 PM,5,0.083333
3/12/2023 5:00:00 PM,2,0.033333
3/12/2023 6:00:00 PM,62,1.033333
3/12/2023 7:00:00 PM,6,0.1
3/12/2023 8:00:00 PM,8,0.133333
3/12/2023 9:00:00 PM,55,0.916667
3/12/2023 10:00:00 PM,18,0.3
3/12/2023 11:00:00 PM,30,0.5
3/13/2023 12:00:00 AM,38,0.633333
3/13/2023 1:00:00 AM,23,0.383333
3/13/2023 2:00:00 AM,1,0.016667
3/13/2023 3:00:00 AM,1,0.016667
3/13/2023 4:00:00 AM,6,0.1
3/13/2023 5:00:00 AM,0,0
3/13/2023 6:00:00 AM,0,0
3/13/2023 7:00:00 AM,0,0
3/13/2023 8:00:00 AM,15,0.25
3/13/2023 9:00:00 AM,12,0.2
3/13/2023 10:00:00 AM,4,0.066667
3/13/2023 11:00:00 AM,6,0.1
3/13/2023 12:00:00 PM,53,0.883333
3/13/2023 1:00:00 PM,6,0.1
3/13/2023 2:00:00 PM,3,0.05
3/13/2023 3:00:00 PM,6,0.1
3/13/2023 4:00:00 PM,4,0.066667
3/13/2023 5:00:00 PM,6,0.1
3/13/2023 6:00:00 PM,13,0.216667
3/13/2023 7:00:00 PM,16,0.266667
3/13/2023 8:00:00 PM,102,1.7
3/13/2023 9:00:00 PM,58,0.966667
3/13/2023 10:00:00 PM,28,0.466667
3/13/2023 11:00:00 PM,23,0.383333
3/14/2023 12:00:00 AM,51,0.85
3/14/2023 1:00:00 AM,14,0.233333
3/14/2023 2:00:00 AM,3,0.05
3/14/2023 3:00:00 AM,0,0
3/14/2023 4:00:00 AM,0,0
3/14/2023 5:00:00 AM,1,0.016667
3/14/2023 6:00:00 AM,2,0.033333
3/14/2023 7:00:00 AM,1,0.016667
3/14/2023 8:00:00 AM,46,0.766667
3/14/2023 9:00:00 AM,5,0.083333
3/14/2023 10:00:00 AM,2,0.033333
3/14/2023 11:00:00 AM,7,0.116667
3/14/2023 12:00:00 PM,50,0.833333
3/14/2023 1:00:00 PM,8,0.133333
3/14/2023 2:00:00 PM,18,0.3
3/14/2023 3:00:00 PM,10,0.166667
3/14/2023 4:00:00 PM,3,0.05
3/14/2023 5:00:00 PM,3,0.05
3/14/2023 6:00:00 PM,37,0.616667
3/14/2023 7:00:00 PM,47,0.783333
3/14/2023 8:00:00 PM,23,0.383333
3/14/2023 9:00:00 PM,11,0.183333
3/14/2023 10:00:00 PM,48,0.8
3/14/2023 11:00:00 PM,21,0.35
3/15/2023 12:00:00 AM,48,0.8
3/15/2023 1:00:00 AM,19,0.316667
3/15/2023 2:00:00 AM,2,0.033333
3/15/2023 3:00:00 AM,0,0
3/15/2023 4:00:00 AM,1,0.016667
3/15/2023 5:00:00 AM,2,0.033333
3/15/2023 6:00:00 AM,2,0.033333
3/15/2023 7:00:00 AM,15,0.25
3/15/2023 8:00:00 AM,44,0.733333
3/15/2023 9:00:00 AM,0,0
3/15/2023 10:00:00 AM,2,0.033333
3/15/2023 11:00:00 AM,4,0.066667
3/15/2023 12:00:00 PM,9,0.15
3/15/2023 1:00:00 PM,9,0.15
3/15/2023 2:00:00 PM,109,1.816667
3/15/2023 3:00:00 PM,13,0.216667
3/15/2023 4:00:00 PM,0,0
3/15/2023 5:00:00 PM,4,0.066667
3/15/2023 6:00:00 PM,17,0.283333
3/15/2023 7:00:00 PM,6,0.1
3/15/2023 8:00:00 PM,28,0.466667
3/15/2023 9:00:00 PM,22,0.366667
3/15/2023 10:00:00 PM,31,0.516667
3/15/2023 11:00:00 PM,24,0.4
3/16/2023 12:00:00 AM,46,0.766667
3/16/2023 1:00:00 AM,11,0.183333
3/16/2023 2:00:00 AM,2,0.033333
3/16/2023 3:00:00 AM,5,0.083333
3/16/2023 4:00:00 AM,6,0.1
3/16/2023 5:00:00 AM,0,0
3/16/2023 6:00:00 AM,6,0.1
3/16/2023 7:00:00 AM,0,0
3/16/2023 8:00:00 AM,1,0.016667
3/16/2023 9:00:00 AM,26,0.433333
3/16/2023 10:00:00 AM,12,0.2
3/16/2023 11:00:00 AM,1,0.016667
3/16/2023 12:00:00 PM,1,0.016667
3/16/2023 1:00:00 PM,0,0
3/16/2023 2:00:00 PM,48,0.8
3/16/2023 3:00:00 PM,37,0.616667
3/16/2023 4:00:00 PM,0,0
3/16/2023 5:00:00 PM,0,0
3/16/2023 6:00:00 PM,32,0.533333
3/16/2023 7:00:00 PM,15,0.25
3/16/2023 8:00:00 PM,18,0.3
3/16/2023 9:00:00 PM,3,0.05
3/16/2023 10:00:00 PM,31,0.516667
3/16/2023 11:00:00 PM,10,0.166667
3/17/2023 12:00:00 AM,43,0.716667
3/17/2023 1:00:00 AM,0,0
3/17/2023 2:00:00 AM,2,0.033333
3/17/2023 3:00:00 AM,30,0.5
3/17/2023 4:00:00 AM,3,0.05
3/17/2023 5:00:00 AM,1,0.016667
3/17/2023 6:00:00 AM,0,0
3/17/2023 7:00:00 AM,48,0.8
3/17/2023 8:00:00 AM,18,0.3
3/17/2023 9:00:00 AM,1,0.016667
3/17/2023 10:00:00 AM,1,0.016667
3/17/2023 11:00:00 AM,20,0.333333
3/17/2023 12:00:00 PM,57,0.95
3/17/2023 1:00:00 PM,48,0.8
3/17/2023 2:00:00 PM,54,0.9
3/17/2023 3:00:00 PM,13,0.216667
3/17/2023 4:00:00 PM,5,0.083333
3/17/2023 5:00:00 PM,12,0.2
3/17/2023 6:00:00 PM,87,1.45
3/17/2023 7:00:00 PM,97,1.616667
3/17/2023 8:00:00 PM,40,0.666667
3/17/2023 9:00:00 PM,87,1.45
3/17/2023 10:00:00 PM,5,0.083333
3/17/2023 11:00:00 PM,26,0.433333
3/18/2023 12:00:00 AM,44,0.733333
3/18/2023 1:00:00 AM,22,0.366667
3/18/2023 2:00:00 AM,1,0.016667
3/18/2023 3:00:00 AM,5,0.083333
3/18/2023 4:00:00 AM,0,0
3/18/2023 5:00:00 AM,1,0.016667
3/18/2023 6:00:00 AM,0,0
3/18/2023 7:00:00 AM,0,0
3/18/2023 8:00:00 AM,5,0.083333
3/18/2023 9:00:00 AM,35,0.583333
3/18/2023 10:00:00 AM,36,0.6
3/18/2023 11:00:00 AM,7,0.116667
3/18/2023 12:00:00 PM,26,0.433333
3/18/2023 1:00:00 PM,57,0.95
3/18/2023 2:00:00 PM,48,0.8
3/18/2023 3:00:00 PM,2,0.033333
3/18/2023 4:00:00 PM,36,0.6
3/18/2023 5:00:00 PM,99,1.65
3/18/2023 6:00:00 PM,90,1.5
3/18/2023 7:00:00 PM,73,1.216667
3/18/2023 8:00:00 PM,61,1.016667
3/18/2023 9:00:00 PM,48,0.8
3/18/2023 10:00:00 PM,17,0.283333
3/18/2023 11:00:00 PM,48,0.8
3/19/2023 12:00:00 AM,51,0.85
3/19/2023 1:00:00 AM,21,0.35
3/19/2023 2:00:00 AM,9,0.15
3/19/2023 3:00:00 AM,0,0
3/19/2023 4:00:00 AM,0,0
3/19/2023 5:00:00 AM,0,0
3/19/2023 6:00:00 AM,0,0
3/19/2023 7:00:00 AM,0,0
3/19/2023 8:00:00 AM,2,0.033333
3/19/2023 9:00:00 AM,2,0.033333
3/19/2023 10:00:00 AM,0,0
3/19/2023 11:00:00 AM,1,0.016667
3/19/2023 12:00:00 PM,13,0.216667
3/19/2023 1:00:00 PM,44,0.733333
3/19/2023 2:00:00 PM,21,0.35
3/19/2023 3:00:00 PM,5,0.083333
3/19/2023 4:00:00 PM,13,0.216667
3/19/2023 5:00:00 PM,10,0.166667
3/19/2023 6:00:00 PM,51,0.85
3/19/2023 7:00:00 PM,68,1.133333
3/19/2023 8:00:00 PM,100,1.666667
3/19/2023 9:00:00 PM,94,1.566667
3/19/2023 10:00:00 PM,28,0.466667
3/19/2023 11:00:00 PM,20,0.333333
3/20/2023 12:00:00 AM,9,0.15
3/20/2023 1:00:00 AM,15,0.25
3/20/2023 2:00:00 AM,7,0.116667
3/20/2023 3:00:00 AM,7,0.116667
3/20/2023 4:00:00 AM,2,0.033333
3/20/2023 5:00:00 AM,0,0
3/20/2023 6:00:00 AM,1,0.016667
3/20/2023 7:00:00 AM,2,0.033333
3/20/2023 8:00:00 AM,0,0
3/20/2023 9:00:00 AM,58,0.966667
3/20/2023 10:00:00 AM,23,0.383333
3/20/2023 11:00:00 AM,5,0.083333
3/20/2023 12:00:00 PM,3,0.05
3/20/2023 1:00:00 PM,12,0.2
3/20/2023 2:00:00 PM,26,0.433333
3/20/2023 3:00:00 PM,75,1.25
3/20/2023 4:00:00 PM,9,0.15
3/20/2023 5:00:00 PM,67,1.116667
3/20/2023 6:00:00 PM,116,1.933333
3/20/2023 7:00:00 PM,72,1.2
3/20/2023 8:00:00 PM,107,1.783333
3/20/2023 9:00:00 PM,55,0.916667
3/20/2023 10:00:00 PM,18,0.3
3/20/2023 11:00:00 PM,11,0.183333
3/21/2023 12:00:00 AM,24,0.4
3/21/2023 1:00:00 AM,0,0
3/21/2023 2:00:00 AM,1,0.016667
3/21/2023 3:00:00 AM,0,0
3/21/2023 4:00:00 AM,5,0.083333
3/21/2023 5:00:00 AM,2,0.033333
3/21/2023 6:00:00 AM,0,0
3/21/2023 7:00:00 AM,13,0.216667
3/21/2023 8:00:00 AM,2,0.033333
3/21/2023 9:00:00 AM,11,0.183333
3/21/2023 10:00:00 AM,28,0.466667
3/21/2023 11:00:00 AM,67,1.116667
3/21/2023 12:00:00 PM,132,2.2
3/21/2023 1:00:00 PM,83,1.383333
3/21/2023 2:00:00 PM,77,1.283333
3/21/2023 3:00:00 PM,2,0.033333
3/21/2023 4:00:00 PM,14,0.233333
3/21/2023 5:00:00 PM,65,1.083333
3/21/2023 6:00:00 PM,95,1.583333
3/21/2023 7:00:00 PM,155,2.583333
3/21/2023 8:00:00 PM,43,0.716667
3/21/2023 9:00:00 PM,71,1.183333
3/21/2023 10:00:00 PM,18,0.3
3/21/2023 11:00:00 PM,17,0.283333
3/22/2023 12:00:00 AM,9,0.15
3/22/2023 1:00:00 AM,10,0.166667
3/22/2023 2:00:00 AM,5,0.083333
3/22/2023 3:00:00 AM,1,0.016667
3/22/2023 4:00:00 AM,0,0
3/22/2023 5:00:00 AM,2,0.033333
3/22/2023 6:00:00 AM,1,0.016667
3/22/2023 7:00:00 AM,0,0
3/22/2023 8:00:00 AM,11,0.183333
3/22/2023 9:00:00 AM,49,0.816667
3/22/2023 10:00:00 AM,37,0.616667
3/22/2023 11:00:00 AM,34,0.566667
3/22/2023 12:00:00 PM,94,1.566667
3/22/2023 1:00:00 PM,25,0.416667
3/22/2023 2:00:00 PM,32,0.533333
3/22/2023 3:00:00 PM,23,0.383333
3/22/2023 4:00:00 PM,47,0.783333
3/22/2023 5:00:00 PM,79,1.316667
3/22/2023 6:00:00 PM,98,1.633333
3/22/2023 7:00:00 PM,55,0.916667
3/22/2023 8:00:00 PM,91,1.516667
3/22/2023 9:00:00 PM,76,1.266667
3/22/2023 10:00:00 PM,6,0.1
3/22/2023 11:00:00 PM,19,0.316667
3/23/2023 12:00:00 AM,10,0.166667
3/23/2023 1:00:00 AM,63,1.05
3/23/2023 2:00:00 AM,8,0.133333
3/23/2023 3:00:00 AM,0,0
3/23/2023 4:00:00 AM,1,0.016667
3/23/2023 5:00:00 AM,0,0
3/23/2023 6:00:00 AM,1,0.016667
3/23/2023 7:00:00 AM,3,0.05
3/23/2023 8:00:00 AM,0,0
3/23/2023 9:00:00 AM,0,0
3/23/2023 10:00:00 AM,18,0.3
3/23/2023 11:00:00 AM,109,1.816667
3/23/2023 12:00:00 PM,2,0.033333
3/23/2023 1:00:00 PM,1,0.016667
3/23/2023 2:00:00 PM,43,0.716667
3/23/2023 3:00:00 PM,0,0
3/23/2023 4:00:00 PM,42,0.7
3/23/2023 5:00:00 PM,15,0.25
3/23/2023 6:00:00 PM,66,1.1
3/23/2023 7:00:00 PM,49,0.816667
3/23/2023 8:00:00 PM,11,0.183333
3/23/2023 9:00:00 PM,72,1.2
3/23/2023 10:00:00 PM,48,0.8
3/23/2023 11:00:00 PM,101,1.683333
3/24/2023 12:00:00 AM,13,0.216667
3/24/2023 1:00:00 AM,4,0.066667
3/24/2023 2:00:00 AM,1,0.016667
3/24/2023 3:00:00 AM,1,0.016667
3/24/2023 4:00:00 AM,0,0
3/24/2023 5:00:00 AM,32,0.533333
3/24/2023 6:00:00 AM,18,0.3
3/24/2023 7:00:00 AM,34,0.566667
3/24/2023 8:00:00 AM,19,0.316667
3/24/2023 9:00:00 AM,14,0.233333
3/24/2023 10:00:00 AM,4,0.066667
3/24/2023 11:00:00 AM,4,0.066667
3/24/2023 12:00:00 PM,47,0.783333
3/24/2023 1:00:00 PM,37,0.616667
3/24/2023 2:00:00 PM,39,0.65
3/24/2023 3:00:00 PM,77,1.283333
3/24/2023 4:00:00 PM,114,1.9
3/24/2023 5:00:00 PM,17,0.283333
3/24/2023 6:00:00 PM,64,1.066667
3/24/2023 7:00:00 PM,49,0.816667
3/24/2023 8:00:00 PM,35,0.583333
3/24/2023 9:00:00 PM,42,0.7
3/24/2023 10:00:00 PM,33,0.55
3/24/2023 11:00:00 PM,13,0.216667
3/25/2023 12:00:00 AM,15,0.25
3/25/2023 1:00:00 AM,34,0.566667
3/25/2023 2:00:00 AM,26,0.433333
3/25/2023 3:00:00 AM,0,0
3/25/2023 4:00:00 AM,0,0
3/25/2023 5:00:00 AM,0,0
3/25/2023 6:00:00 AM,3,0.05
3/25/2023 7:00:00 AM,1,0.016667
3/25/2023 8:00:00 AM,0,0
3/25/2023 9:00:00 AM,6,0.1
3/25/2023 10:00:00 AM,37,0.616667
3/25/2023 11:00:00 AM,2,0.033333
3/25/2023 12:00:00 PM,2,0.033333
3/25/2023 1:00:00 PM,35,0.583333
3/25/2023 2:00:00 PM,25,0.416667
3/25/2023 3:00:00 PM,35,0.583333
3/25/2023 4:00:00 PM,2,0.033333
3/25/2023 5:00:00 PM,20,0.333333
3/25/2023 6:00:00 PM,90,1.5
3/25/2023 7:00:00 PM,36,0.6
3/25/2023 8:00:00 PM,16,0.266667
3/25/2023 9:00:00 PM,21,0.35
3/25/2023 10:00:00 PM,47,0.783333
3/25/2023 11:00:00 PM,17,0.283333
3/26/2023 12:00:00 AM,10,0.166667
3/26/2023 1:00:00 AM,37,0.616667
3/26/2023 2:00:00 AM,91,1.516667
3/26/2023 3:00:00 AM,120,2
3/26/2023 4:00:00 AM,0,0
3/26/2023 5:00:00 AM,0,0
3/26/2023 6:00:00 AM,2,0.033333
3/26/2023 7:00:00 AM,1,0.016667
3/26/2023 8:00:00 AM,0,0
3/26/2023 9:00:00 AM,3,0.05
3/26/2023 10:00:00 AM,0,0
3/26/2023 11:00:00 AM,3,0.05
3/26/2023 12:00:00 PM,18,0.3
3/26/2023 1:00:00 PM,0,0
3/26/2023 2:00:00 PM,44,0.733333
3/26/2023 3:00:00 PM,9,0.15
3/26/2023 4:00:00 PM,50,0.833333
3/26/2023 5:00:00 PM,62,1.033333
3/26/2023 6:00:00 PM,49,0.816667
3/26/2023 7:00:00 PM,36,0.6
3/26/2023 8:00:00 PM,63,1.05
3/26/2023 9:00:00 PM,27,0.45
3/26/2023 10:00:00 PM,56,0.933333
3/26/2023 11:00:00 PM,9,0.15
3/27/2023 12:00:00 AM,20,0.333333
3/27/2023 1:00:00 AM,36,0.6
3/27/2023 2:00:00 AM,0,0
3/27/2023 3:00:00 AM,1,0.016667
3/27/2023 4:00:00 AM,0,0
3/27/2023 5:00:00 AM,6,0.1
3/27/2023 6:00:00 AM,0,0
3/27/2023 7:00:00 AM,0,0
3/27/2023 8:00:00 AM,0,0
3/27/2023 9:00:00 AM,17,0.283333
3/27/2023 10:00:00 AM,42,0.7
3/27/2023 11:00:00 AM,3,0.05
3/27/2023 12:00:00 PM,11,0.183333
3/27/2023 1:00:00 PM,3,0.05
3/27/2023 2:00:00 PM,24,0.4
3/27/2023 3:00:00 PM,137,2.283333
3/27/2023 4:00:00 PM,134,2.233333
3/27/2023 5:00:00 PM,5,0.083333
3/27/2023 6:00:00 PM,15,0.25
3/27/2023 7:00:00 PM,25,0.416667
3/27/2023 8:00:00 PM,33,0.55
3/27/2023 9:00:00 PM,51,0.85
3/27/2023 10:00:00 PM,38,0.633333
3/27/2023 11:00:00 PM,17,0.283333
3/28/2023 12:00:00 AM,20,0.333333
3/28/2023 1:00:00 AM,35,0.583333
3/28/2023 2:00:00 AM,50,0.833333
3/28/2023 3:00:00 AM,0,0
3/28/2023 4:00:00 AM,0,0
3/28/2023 5:00:00 AM,7,0.116667
3/28/2023 6:00:00 AM,43,0.716667
3/28/2023 7:00:00 AM,17,0.283333
3/28/2023 8:00:00 AM,9,0.15
3/28/2023 9:00:00 AM,0,0
3/28/2023 10:00:00 AM,2,0.033333
3/28/2023 11:00:00 AM,1,0.016667
3/28/2023 12:00:00 PM,7,0.116667
3/28/2023 1:00:00 PM,8,0.133333
3/28/2023 2:00:00 PM,0,0
3/28/2023 3:00:00 PM,47,0.783333
3/28/2023 4:00:00 PM,21,0.35
3/28/2023 5:00:00 PM,47,0.783333
3/28/2023 6:00:00 PM,7,0.116667
3/28/2023 7:00:00 PM,20,0.333333
3/28/2023 8:00:00 PM,46,0.766667
3/28/2023 9:00:00 PM,7,0.116667
3/28/2023 10:00:00 PM,6,0.1
3/28/2023 11:00:00 PM,16,0.266667
3/29/2023 12:00:00 AM,24,0.4
3/29/2023 1:00:00 AM,26,0.433333
3/29/2023 2:00:00 AM,75,1.25
3/29/2023 3:00:00 AM,1,0.016667
3/29/2023 4:00:00 AM,0,0
3/29/2023 5:00:00 AM,0,0
3/29/2023 6:00:00 AM,14,0.233333
3/29/2023 7:00:00 AM,12,0.2
3/29/2023 8:00:00 AM,32,0.533333
3/29/2023 9:00:00 AM,1,0.016667
3/29/2023 10:00:00 AM,0,0
3/29/2023 11:00:00 AM,3,0.05
3/29/2023 12:00:00 PM,50,0.833333
3/29/2023 1:00:00 PM,2,0.033333
3/29/2023 2:00:00 PM,2,0.033333
3/29/2023 3:00:00 PM,0,0
3/29/2023 4:00:00 PM,23,0.383333
3/29/2023 5:00:00 PM,19,0.316667
3/29/2023 6:00:00 PM,3,0.05
3/29/2023 7:00:00 PM,47,0.783333
3/29/2023 8:00:00 PM,44,0.733333
3/29/2023 9:00:00 PM,36,0.6
3/29/2023 10:00:00 PM,28,0.466667
3/29/2023 11:00:00 PM,5,0.083333
3/30/2023 12:00:00 AM,17,0.283333
3/30/2023 1:00:00 AM,14,0.233333
3/30/2023 2:00:00 AM,25,0.416667
3/30/2023 3:00:00 AM,11,0.183333
3/30/2023 4:00:00 AM,6,0.1
3/30/2023 5:00:00 AM,10,0.166667
3/30/2023 6:00:00 AM,0,0
3/30/2023 7:00:00 AM,1,0.016667
3/30/2023 8:00:00 AM,0,0
3/30/2023 9:00:00 AM,2,0.033333
3/30/2023 10:00:00 AM,17,0.283333
3/30/2023 11:00:00 AM,12,0.2
3/30/2023 12:00:00 PM,3,0.05
3/30/2023 1:00:00 PM,28,0.466667
3/30/2023 2:00:00 PM,45,0.75
3/30/2023 3:00:00 PM,83,1.383333
3/30/2023 4:00:00 PM,63,1.05
3/30/2023 5:00:00 PM,47,0.783333
3/30/2023 6:00:00 PM,27,0.45
3/30/2023 7:00:00 PM,66,1.1
3/30/2023 8:00:00 PM,29,0.483333
3/30/2023 9:00:00 PM,24,0.4
3/30/2023 10:00:00 PM,83,1.383333
3/30/2023 11:00:00 PM,128,2.133333
3/31/2023 12:00:00 AM,29,0.483333
3/31/2023 1:00:00 AM,30,0.5
3/31/2023 2:00:00 AM,83,1.383333
3/31/2023 3:00:00 AM,9,0.15
3/31/2023 4:00:00 AM,1,0.016667
3/31/2023 5:00:00 AM,0,0
3/31/2023 6:00:00 AM,10,0.166667
3/31/2023 7:00:00 AM,97,1.616667
3/31/2023 8:00:00 AM,57,0.95
3/31/2023 9:00:00 AM,0,0
3/31/2023 10:00:00 AM,2,0.033333
3/31/2023 11:00:00 AM,0,0
3/31/2023 12:00:00 PM,9,0.15
3/31/2023 1:00:00 PM,0,0
3/31/2023 2:00:00 PM,5,0.083333
3/31/2023 3:00:00 PM,0,0
3/31/2023 4:00:00 PM,1,0.016667
3/31/2023 5:00:00 PM,2,0.033333
3/31/2023 6:00:00 PM,10,0.166667
3/31/2023 7:00:00 PM,19,0.316667
3/31/2023 8:00:00 PM,66,1.1
3/31/2023 9:00:00 PM,80,1.333333
3/31/2023 10:00:00 PM,88,1.466667
3/31/2023 11:00:00 PM,43,0.716667
4/1/2023 12:00:00 AM,27,0.45
4/1/2023 1:00:00 AM,25,0.416667
4/1/2023 2:00:00 AM,49,0.816667
4/1/2023 3:00:00 AM,9,0.15
4/1/2023 4:00:00 AM,1,0.016667
4/1/2023 5:00:00 AM,2,0.033333
4/1/2023 6:00:00 AM,0,0
4/1/2023 7:00:00 AM,1,0.016667
4/1/2023 8:00:00 AM,1,0.016667
4/1/2023 9:00:00 AM,47,0.783333
4/1/2023 10:00:00 AM,17,0.283333
4/1/2023 11:00:00 AM,6,0.1
4/1/2023 12:00:00 PM,37,0.616667
4/1/2023 1:00:00 PM,100,1.666667
4/1/2023 2:00:00 PM,91,1.516667
4/1/2023 3:00:00 PM,90,1.5
4/1/2023 4:00:00 PM,82,1.366667
4/1/2023 5:00:00 PM,117,1.95
4/1/2023 6:00:00 PM,12,0.2
4/1/2023 7:00:00 PM,47,0.783333
4/1/2023 8:00:00 PM,119,1.983333
4/1/2023 9:00:00 PM,104,1.733333
4/1/2023 10:00:00 PM,28,0.466667
4/1/2023 11:00:00 PM,8,0.133333
4/2/2023 12:00:00 AM,33,0.55
4/2/2023 1:00:00 AM,24,0.4
4/2/2023 2:00:00 AM,31,0.516667
4/2/2023 3:00:00 AM,42,0.7
4/2/2023 4:00:00 AM,4,0.066667
4/2/2023 5:00:00 AM,2,0.033333
4/2/2023 6:00:00 AM,0,0
4/2/2023 7:00:00 AM,1,0.016667
4/2/2023 8:00:00 AM,2,0.033333
4/2/2023 9:00:00 AM,0,0
4/2/2023 10:00:00 AM,3,0.05
4/2/2023 11:00:00 AM,1,0.016667
4/2/2023 12:00:00 PM,25,0.416667
4/2/2023 1:00:00 PM,28,0.466667
4/2/2023 2:00:00 PM,66,1.1
4/2/2023 3:00:00 PM,22,0.366667
4/2/2023 4:00:00 PM,25,0.416667
4/2/2023 5:00:00 PM,38,0.633333
4/2/2023 6:00:00 PM,32,0.533333
4/2/2023 7:00:00 PM,75,1.25
4/2/2023 8:00:00 PM,53,0.883333
4/2/2023 9:00:00 PM,29,0.483333
4/2/2023 10:00:00 PM,57,0.95
4/2/2023 11:00:00 PM,55,0.916667
4/3/2023 12:00:00 AM,23,0.383333
4/3/2023 1:00:00 AM,11,0.183333
4/3/2023 2:00:00 AM,41,0.683333
4/3/2023 3:00:00 AM,1,0.016667
4/3/2023 4:00:00 AM,12,0.2
4/3/2023 5:00:00 AM,3,0.05
4/3/2023 6:00:00 AM,6,0.1
4/3/2023 7:00:00 AM,0,0
4/3/2023 8:00:00 AM,0,0
4/3/2023 9:00:00 AM,1,0.016667
4/3/2023 10:00:00 AM,0,0
4/3/2023 11:00:00 AM,1,0.016667
4/3/2023 12:00:00 PM,12,0.2
4/3/2023 1:00:00 PM,34,0.566667
4/3/2023 2:00:00 PM,112,1.866667
4/3/2023 3:00:00 PM,55,0.916667
4/3/2023 4:00:00 PM,7,0.116667
4/3/2023 5:00:00 PM,43,0.716667
4/3/2023 6:00:00 PM,1,0.016667
4/3/2023 7:00:00 PM,49,0.816667
4/3/2023 8:00:00 PM,18,0.3
4/3/2023 9:00:00 PM,34,0.566667
4/3/2023 10:00:00 PM,39,0.65
4/3/2023 11:00:00 PM,58,0.966667
4/4/2023 12:00:00 AM,38,0.633333
4/4/2023 1:00:00 AM,43,0.716667
4/4/2023 2:00:00 AM,27,0.45
4/4/2023 3:00:00 AM,11,0.183333
4/4/2023 4:00:00 AM,6,0.1
4/4/2023 5:00:00 AM,7,0.116667
4/4/2023 6:00:00 AM,6,0.1
4/4/2023 7:00:00 AM,0,0
4/4/2023 8:00:00 AM,0,0
4/4/2023 9:00:00 AM,0,0
4/4/2023 10:00:00 AM,1,0.016667
4/4/2023 11:00:00 AM,0,0
4/4/2023 12:00:00 PM,4,0.066667
4/4/2023 1:00:00 PM,38,0.633333
4/4/2023 2:00:00 PM,77,1.283333
4/4/2023 3:00:00 PM,2,0.033333
4/4/2023 4:00:00 PM,32,0.533333
4/4/2023 5:00:00 PM,21,0.35
4/4/2023 6:00:00 PM,8,0.133333
4/4/2023 7:00:00 PM,43,0.716667
4/4/2023 8:00:00 PM,13,0.216667
4/4/2023 9:00:00 PM,0,0
4/4/2023 10:00:00 PM,83,1.383333
4/4/2023 11:00:00 PM,32,0.533333
4/5/2023 12:00:00 AM,14,0.233333
4/5/2023 1:00:00 AM,43,0.716667
4/5/2023 2:00:00 AM,69,1.15
4/5/2023 3:00:00 AM,6,0.1
4/5/2023 4:00:00 AM,8,0.133333
4/5/2023 5:00:00 AM,1,0.016667
4/5/2023 6:00:00 AM,0,0
4/5/2023 7:00:00 AM,4,0.066667
4/5/2023 8:00:00 AM,13,0.216667
4/5/2023 9:00:00 AM,63,1.05
4/5/2023 10:00:00 AM,18,0.3
4/5/2023 11:00:00 AM,33,0.55
4/5/2023 12:00:00 PM,28,0.466667
4/5/2023 1:00:00 PM,132,2.2
4/5/2023 2:00:00 PM,34,0.566667
4/5/2023 3:00:00 PM,19,0.316667
4/5/2023 4:00:00 PM,3,0.05
4/5/2023 5:00:00 PM,63,1.05
4/5/2023 6:00:00 PM,6,0.1
4/5/2023 7:00:00 PM,105,1.75
4/5/2023 8:00:00 PM,50,0.833333
4/5/2023 9:00:00 PM,19,0.316667
4/5/2023 10:00:00 PM,16,0.266667
4/5/2023 11:00:00 PM,18,0.3
4/6/2023 12:00:00 AM,22,0.366667
4/6/2023 1:00:00 AM,79,1.316667
4/6/2023 2:00:00 AM,25,0.416667
4/6/2023 3:00:00 AM,0,0
4/6/2023 4:00:00 AM,1,0.016667
4/6/2023 5:00:00 AM,4,0.066667
4/6/2023 6:00:00 AM,0,0
4/6/2023 7:00:00 AM,50,0.833333
4/6/2023 8:00:00 AM,9,0.15
4/6/2023 9:00:00 AM,119,1.983333
4/6/2023 10:00:00 AM,46,0.766667
4/6/2023 11:00:00 AM,2,0.033333
4/6/2023 12:00:00 PM,16,0.266667
4/6/2023 1:00:00 PM,52,0.866667
4/6/2023 2:00:00 PM,22,0.366667
4/6/2023 3:00:00 PM,18,0.3
4/6/2023 4:00:00 PM,39,0.65
4/6/2023 5:00:00 PM,2,0.033333
4/6/2023 6:00:00 PM,2,0.033333
4/6/2023 7:00:00 PM,38,0.633333
4/6/2023 8:00:00 PM,30,0.5
4/6/2023 9:00:00 PM,11,0.183333
4/6/2023 10:00:00 PM,58,0.966667
4/6/2023 11:00:00 PM,38,0.633333
4/7/2023 12:00:00 AM,16,0.266667
4/7/2023 1:00:00 AM,21,0.35
4/7/2023 2:00:00 AM,56,0.933333
4/7/2023 3:00:00 AM,1,0.016667
4/7/2023 4:00:00 AM,0,0
4/7/2023 5:00:00 AM,38,0.633333
4/7/2023 6:00:00 AM,0,0
4/7/2023 7:00:00 AM,3,0.05
4/7/2023 8:00:00 AM,2,0.033333
4/7/2023 9:00:00 AM,1,0.016667
4/7/2023 10:00:00 AM,0,0
4/7/2023 11:00:00 AM,5,0.083333
4/7/2023 12:00:00 PM,5,0.083333
4/7/2023 1:00:00 PM,27,0.45
4/7/2023 2:00:00 PM,30,0.5
4/7/2023 3:00:00 PM,2,0.033333
4/7/2023 4:00:00 PM,1,0.016667
4/7/2023 5:00:00 PM,15,0.25
4/7/2023 6:00:00 PM,2,0.033333
4/7/2023 7:00:00 PM,30,0.5
4/7/2023 8:00:00 PM,41,0.683333
4/7/2023 9:00:00 PM,46,0.766667
4/7/2023 10:00:00 PM,25,0.416667
4/7/2023 11:00:00 PM,8,0.133333
4/8/2023 12:00:00 AM,6,0.1
4/8/2023 1:00:00 AM,38,0.633333
4/8/2023 2:00:00 AM,0,0
4/8/2023 3:00:00 AM,0,0
4/8/2023 4:00:00 AM,1,0.016667
4/8/2023 5:00:00 AM,2,0.033333
4/8/2023 6:00:00 AM,3,0.05
4/8/2023 7:00:00 AM,4,0.066667
4/8/2023 8:00:00 AM,0,0
4/8/2023 9:00:00 AM,1,0.016667
4/8/2023 10:00:00 AM,0,0
4/8/2023 11:00:00 AM,3,0.05
4/8/2023 12:00:00 PM,18,0.3
4/8/2023 1:00:00 PM,5,0.083333
4/8/2023 2:00:00 PM,10,0.166667
4/8/2023 3:00:00 PM,4,0.066667
4/8/2023 4:00:00 PM,11,0.183333
4/8/2023 5:00:00 PM,12,0.2
4/8/2023 6:00:00 PM,2,0.033333
4/8/2023 7:00:00 PM,52,0.866667
4/8/2023 8:00:00 PM,19,0.316667
4/8/2023 9:00:00 PM,32,0.533333
4/8/2023 10:00:00 PM,18,0.3
4/8/2023 11:00:00 PM,93,1.55
4/9/2023 12:00:00 AM,54,0.9
4/9/2023 1:00:00 AM,25,0.416667
4/9/2023 2:00:00 AM,27,0.45
4/9/2023 3:00:00 AM,33,0.55
4/9/2023 4:00:00 AM,40,0.666667
4/9/2023 5:00:00 AM,21,0.35
4/9/2023 6:00:00 AM,2,0.033333
4/9/2023 7:00:00 AM,10,0.166667
4/9/2023 8:00:00 AM,0,0
4/9/2023 9:00:00 AM,5,0.083333
4/9/2023 10:00:00 AM,4,0.066667
4/9/2023 11:00:00 AM,2,0.033333
4/9/2023 12:00:00 PM,4,0.066667
4/9/2023 1:00:00 PM,0,0
4/9/2023 2:00:00 PM,5,0.083333
4/9/2023 3:00:00 PM,3,0.05
4/9/2023 4:00:00 PM,6,0.1
4/9/2023 5:00:00 PM,6,0.1
4/9/2023 6:00:00 PM,20,0.333333
4/9/2023 7:00:00 PM,142,2.366667
4/9/2023 8:00:00 PM,62,1.033333
4/9/2023 9:00:00 PM,26,0.433333
4/9/2023 10:00:00 PM,20,0.333333
4/9/2023 11:00:00 PM,15,0.25
4/10/2023 12:00:00 AM,5,0.083333
4/10/2023 1:00:00 AM,20,0.333333
4/10/2023 2:00:00 AM,35,0.583333
4/10/2023 3:00:00 AM,63,1.05
4/10/2023 4:00:00 AM,0,0
4/10/2023 5:00:00 AM,5,0.083333
4/10/2023 6:00:00 AM,6,0.1
4/10/2023 7:00:00 AM,1,0.016667
4/10/2023 8:00:00 AM,1,0.016667
4/10/2023 9:00:00 AM,1,0.016667
4/10/2023 10:00:00 AM,6,0.1
4/10/2023 11:00:00 AM,0,0
4/10/2023 12:00:00 PM,2,0.033333
4/10/2023 1:00:00 PM,13,0.216667
4/10/2023 2:00:00 PM,63,1.05
4/10/2023 3:00:00 PM,12,0.2
4/10/2023 4:00:00 PM,17,0.283333
4/10/2023 5:00:00 PM,91,1.516667
4/10/2023 6:00:00 PM,117,1.95
4/10/2023 7:00:00 PM,92,1.533333
4/10/2023 8:00:00 PM,29,0.483333
4/10/2023 9:00:00 PM,64,1.066667
4/10/2023 10:00:00 PM,13,0.216667
4/10/2023 11:00:00 PM,14,0.233333
4/11/2023 12:00:00 AM,29,0.483333
4/11/2023 1:00:00 AM,86,1.433333
4/11/2023 2:00:00 AM,45,0.75
4/11/2023 3:00:00 AM,0,0
4/11/2023 4:00:00 AM,1,0.016667
4/11/2023 5:00:00 AM,18,0.3
4/11/2023 6:00:00 AM,1,0.016667
4/11/2023 7:00:00 AM,2,0.033333
4/11/2023 8:00:00 AM,0,0
4/11/2023 9:00:00 AM,2,0.033333
4/11/2023 10:00:00 AM,2,0.033333
4/11/2023 11:00:00 AM,1,0.016667
4/11/2023 12:00:00 PM,0,0
4/11/2023 1:00:00 PM,54,0.9
4/11/2023 2:00:00 PM,57,0.95
4/11/2023 3:00:00 PM,5,0.083333
4/11/2023 4:00:00 PM,42,0.7
4/11/2023 5:00:00 PM,66,1.1
4/11/2023 6:00:00 PM,45,0.75
4/11/2023 7:00:00 PM,33,0.55
4/11/2023 8:00:00 PM,25,0.416667
4/11/2023 9:00:00 PM,48,0.8
4/11/2023 10:00:00 PM,29,0.483333
4/11/2023 11:00:00 PM,20,0.333333
4/12/2023 12:00:00 AM,28,0.466667
4/12/2023 1:00:00 AM,91,1.516667
4/12/2023 2:00:00 AM,7,0.116667
4/12/2023 3:00:00 AM,2,0.033333
4/12/2023 4:00:00 AM,1,0.016667
4/12/2023 5:00:00 AM,4,0.066667
4/12/2023 6:00:00 AM,1,0.016667
4/12/2023 7:00:00 AM,21,0.35
4/12/2023 8:00:00 AM,33,0.55
4/12/2023 9:00:00 AM,12,0.2
4/12/2023 10:00:00 AM,15,0.25
4/12/2023 11:00:00 AM,1,0.016667
4/12/2023 12:00:00 PM,61,1.016667
4/12/2023 1:00:00 PM,4,0.066667
4/12/2023 2:00:00 PM,71,1.183333
4/12/2023 3:00:00 PM,125,2.083333
4/12/2023 4:00:00 PM,100,1.666667
4/12/2023 5:00:00 PM,29,0.483333
4/12/2023 6:00:00 PM,3,0.05
4/12/2023 7:00:00 PM,51,0.85
4/12/2023 8:00:00 PM,42,0.7
4/12/2023 9:00:00 PM,73,1.216667
4/12/2023 10:00:00 PM,11,0.183333
4/12/2023 11:00:00 PM,11,0.183333
4/13/2023 12:00:00 AM,28,0.466667
4/13/2023 1:00:00 AM,42,0.7
4/13/2023 2:00:00 AM,42,0.7
4/13/2023 3:00:00 AM,2,0.033333
4/13/2023 4:00:00 AM,0,0
4/13/2023 5:00:00 AM,7,0.116667
4/13/2023 6:00:00 AM,0,0
4/13/2023 7:00:00 AM,3,0.05
4/13/2023 8:00:00 AM,0,0
4/13/2023 9:00:00 AM,21,0.35
4/13/2023 10:00:00 AM,21,0.35
4/13/2023 11:00:00 AM,0,0
4/13/2023 12:00:00 PM,56,0.933333
4/13/2023 1:00:00 PM,27,0.45
4/13/2023 2:00:00 PM,30,0.5
4/13/2023 3:00:00 PM,15,0.25
4/13/2023 4:00:00 PM,11,0.183333
4/13/2023 5:00:00 PM,33,0.55
4/13/2023 6:00:00 PM,56,0.933333
4/13/2023 7:00:00 PM,44,0.733333
4/13/2023 8:00:00 PM,29,0.483333
4/13/2023 9:00:00 PM,54,0.9
4/13/2023 10:00:00 PM,18,0.3
4/13/2023 11:00:00 PM,25,0.416667
4/14/2023 12:00:00 AM,25,0.416667
4/14/2023 1:00:00 AM,50,0.833333
4/14/2023 2:00:00 AM,10,0.166667
4/14/2023 3:00:00 AM,8,0.133333
4/14/2023 4:00:00 AM,1,0.016667
4/14/2023 5:00:00 AM,4,0.066667
4/14/2023 6:00:00 AM,1,0.016667
4/14/2023 7:00:00 AM,7,0.116667
4/14/2023 8:00:00 AM,18,0.3
4/14/2023 9:00:00 AM,5,0.083333
4/14/2023 10:00:00 AM,2,0.033333
4/14/2023 11:00:00 AM,3,0.05
4/14/2023 12:00:00 PM,54,0.9
4/14/2023 1:00:00 PM,87,1.45
4/14/2023 2:00:00 PM,40,0.666667
4/14/2023 3:00:00 PM,26,0.433333
4/14/2023 4:00:00 PM,12,0.2
4/14/2023 5:00:00 PM,30,0.5
4/14/2023 6:00:00 PM,51,0.85
4/14/2023 7:00:00 PM,25,0.416667
4/14/2023 8:00:00 PM,77,1.283333
4/14/2023 9:00:00 PM,32,0.533333
4/14/2023 10:00:00 PM,37,0.616667
4/14/2023 11:00:00 PM,19,0.316667
4/15/2023 12:00:00 AM,56,0.933333
4/15/2023 1:00:00 AM,27,0.45
4/15/2023 2:00:00 AM,53,0.883333
4/15/2023 3:00:00 AM,3,0.05
4/15/2023 4:00:00 AM,0,0
4/15/2023 5:00:00 AM,11,0.183333
4/15/2023 6:00:00 AM,0,0
4/15/2023 7:00:00 AM,5,0.083333
4/15/2023 8:00:00 AM,0,0
4/15/2023 9:00:00 AM,68,1.133333
4/15/2023 10:00:00 AM,80,1.333333
4/15/2023 11:00:00 AM,41,0.683333
4/15/2023 12:00:00 PM,47,0.783333
4/15/2023 1:00:00 PM,25,0.416667
4/15/2023 2:00:00 PM,91,1.516667
4/15/2023 3:00:00 PM,38,0.633333
4/15/2023 4:00:00 PM,3,0.05
4/15/2023 5:00:00 PM,30,0.5
4/15/2023 6:00:00 PM,22,0.366667
4/15/2023 7:00:00 PM,76,1.266667
4/15/2023 8:00:00 PM,13,0.216667
4/15/2023 9:00:00 PM,30,0.5
4/15/2023 10:00:00 PM,7,0.116667
4/15/2023 11:00:00 PM,8,0.133333
4/16/2023 12:00:00 AM,50,0.833333
4/16/2023 1:00:00 AM,34,0.566667
4/16/2023 2:00:00 AM,2,0.033333
4/16/2023 3:00:00 AM,0,0
4/16/2023 4:00:00 AM,1,0.016667
4/16/2023 5:00:00 AM,4,0.066667
4/16/2023 6:00:00 AM,2,0.033333
4/16/2023 7:00:00 AM,1,0.016667
4/16/2023 8:00:00 AM,0,0
4/16/2023 9:00:00 AM,0,0
4/16/2023 10:00:00 AM,6,0.1
4/16/2023 11:00:00 AM,0,0
4/16/2023 12:00:00 PM,4,0.066667
4/16/2023 1:00:00 PM,6,0.1
4/16/2023 2:00:00 PM,6,0.1
4/16/2023 3:00:00 PM,3,0.05
4/16/2023 4:00:00 PM,5,0.083333
4/16/2023 5:00:00 PM,15,0.25
4/16/2023 6:00:00 PM,2,0.033333
4/16/2023 7:00:00 PM,35,0.583333
4/16/2023 8:00:00 PM,8,0.133333
4/16/2023 9:00:00 PM,2,0.033333
4/16/2023 10:00:00 PM,6,0.1
4/16/2023 11:00:00 PM,5,0.083333
4/17/2023 12:00:00 AM,8,0.133333
4/17/2023 1:00:00 AM,8,0.133333
4/17/2023 2:00:00 AM,0,0
4/17/2023 3:00:00 AM,0,0
4/17/2023 4:00:00 AM,0,0
4/17/2023 5:00:00 AM,6,0.1
4/17/2023 6:00:00 AM,1,0.016667
4/17/2023 7:00:00 AM,3,0.05
4/17/2023 8:00:00 AM,4,0.066667
4/17/2023 9:00:00 AM,1,0.016667
4/17/2023 10:00:00 AM,41,0.683333
4/17/2023 11:00:00 AM,0,0
4/17/2023 12:00:00 PM,36,0.6
4/17/2023 1:00:00 PM,1,0.016667
4/17/2023 2:00:00 PM,21,0.35
4/17/2023 3:00:00 PM,4,0.066667
4/17/2023 4:00:00 PM,34,0.566667
4/17/2023 5:00:00 PM,27,0.45
4/17/2023 6:00:00 PM,35,0.583333
4/17/2023 7:00:00 PM,45,0.75
4/17/2023 8:00:00 PM,61,1.016667
4/17/2023 9:00:00 PM,33,0.55
4/17/2023 10:00:00 PM,22,0.366667
4/17/2023 11:00:00 PM,31,0.516667
4/18/2023 12:00:00 AM,16,0.266667
4/18/2023 1:00:00 AM,16,0.266667
4/18/2023 2:00:00 AM,55,0.916667
4/18/2023 3:00:00 AM,2,0.033333
4/18/2023 4:00:00 AM,20,0.333333
4/18/2023 5:00:00 AM,1,0.016667
4/18/2023 6:00:00 AM,1,0.016667
4/18/2023 7:00:00 AM,24,0.4
4/18/2023 8:00:00 AM,27,0.45
4/18/2023 9:00:00 AM,0,0
4/18/2023 10:00:00 AM,0,0
4/18/2023 11:00:00 AM,10,0.166667
4/18/2023 12:00:00 PM,70,1.166667
4/18/2023 1:00:00 PM,10,0.166667
4/18/2023 2:00:00 PM,3,0.05
4/18/2023 3:00:00 PM,39,0.65
4/18/2023 4:00:00 PM,9,0.15
4/18/2023 5:00:00 PM,45,0.75
4/18/2023 6:00:00 PM,5,0.083333
4/18/2023 7:00:00 PM,53,0.883333
4/18/2023 8:00:00 PM,27,0.45
4/18/2023 9:00:00 PM,12,0.2
4/18/2023 10:00:00 PM,50,0.833333
4/18/2023 11:00:00 PM,32,0.533333
4/19/2023 12:00:00 AM,54,0.9
4/19/2023 1:00:00 AM,63,1.05
4/19/2023 2:00:00 AM,14,0.233333
4/19/2023 3:00:00 AM,3,0.05
4/19/2023 4:00:00 AM,0,0
4/19/2023 5:00:00 AM,3,0.05
4/19/2023 6:00:00 AM,3,0.05
4/19/2023 7:00:00 AM,20,0.333333
4/19/2023 8:00:00 AM,31,0.516667
4/19/2023 9:00:00 AM,1,0.016667
4/19/2023 10:00:00 AM,0,0
4/19/2023 11:00:00 AM,0,0
4/19/2023 12:00:00 PM,27,0.45
4/19/2023 1:00:00 PM,49,0.816667
4/19/2023 2:00:00 PM,54,0.9
4/19/2023 3:00:00 PM,0,0
4/19/2023 4:00:00 PM,1,0.016667
4/19/2023 5:00:00 PM,0,0
4/19/2023 6:00:00 PM,5,0.083333
4/19/2023 7:00:00 PM,37,0.616667
4/19/2023 8:00:00 PM,33,0.55
4/19/2023 9:00:00 PM,56,0.933333
4/19/2023 10:00:00 PM,59,0.983333
4/19/2023 11:00:00 PM,27,0.45
4/20/2023 12:00:00 AM,41,0.683333
4/20/2023 1:00:00 AM,20,0.333333
4/20/2023 2:00:00 AM,37,0.616667
4/20/2023 3:00:00 AM,20,0.333333
4/20/2023 4:00:00 AM,0,0
4/20/2023 5:00:00 AM,18,0.3
4/20/2023 6:00:00 AM,5,0.083333
4/20/2023 7:00:00 AM,1,0.016667
4/20/2023 8:00:00 AM,3,0.05
4/20/2023 9:00:00 AM,3,0.05
4/20/2023 10:00:00 AM,8,0.133333
4/20/2023 11:00:00 AM,14,0.233333
4/20/2023 12:00:00 PM,27,0.45
4/20/2023 1:00:00 PM,13,0.216667
4/20/2023 2:00:00 PM,39,0.65
4/20/2023 3:00:00 PM,6,0.1
4/20/2023 4:00:00 PM,14,0.233333
4/20/2023 5:00:00 PM,23,0.383333
4/20/2023 6:00:00 PM,46,0.766667
4/20/2023 7:00:00 PM,38,0.633333
4/20/2023 8:00:00 PM,26,0.433333
4/20/2023 9:00:00 PM,26,0.433333
4/20/2023 10:00:00 PM,44,0.733333
4/20/2023 11:00:00 PM,33,0.55
4/21/2023 12:00:00 AM,20,0.333333
4/21/2023 1:00:00 AM,67,1.116667
4/21/2023 2:00:00 AM,97,1.616667
4/21/2023 3:00:00 AM,15,0.25
4/21/2023 4:00:00 AM,2,0.033333
4/21/2023 5:00:00 AM,11,0.183333
4/21/2023 6:00:00 AM,93,1.55
4/21/2023 7:00:00 AM,60,1
4/21/2023 8:00:00 AM,48,0.8
4/21/2023 9:00:00 AM,44,0.733333
4/21/2023 10:00:00 AM,33,0.55
4/21/2023 11:00:00 AM,63,1.05
4/21/2023 12:00:00 PM,13,0.216667
4/21/2023 1:00:00 PM,68,1.133333
4/21/2023 2:00:00 PM,96,1.6
4/21/2023 3:00:00 PM,0,0
4/21/2023 4:00:00 PM,29,0.483333
4/21/2023 5:00:00 PM,33,0.55
4/21/2023 6:00:00 PM,19,0.316667
4/21/2023 7:00:00 PM,45,0.75
4/21/2023 8:00:00 PM,76,1.266667
4/21/2023 9:00:00 PM,91,1.516667
4/21/2023 10:00:00 PM,27,0.45
4/21/2023 11:00:00 PM,61,1.016667
4/22/2023 12:00:00 AM,30,0.5
4/22/2023 1:00:00 AM,127,2.116667
4/22/2023 2:00:00 AM,98,1.633333
4/22/2023 3:00:00 AM,4,0.066667
4/22/2023 4:00:00 AM,0,0
4/22/2023 5:00:00 AM,1,0.016667
4/22/2023 6:00:00 AM,5,0.083333
4/22/2023 7:00:00 AM,0,0
4/22/2023 8:00:00 AM,13,0.216667
4/22/2023 9:00:00 AM,22,0.366667
4/22/2023 10:00:00 AM,75,1.25
4/22/2023 11:00:00 AM,51,0.85
4/22/2023 12:00:00 PM,51,0.85
4/22/2023 1:00:00 PM,15,0.25
4/22/2023 2:00:00 PM,8,0.133333
4/22/2023 3:00:00 PM,1,0.016667
4/22/2023 4:00:00 PM,32,0.533333
4/22/2023 5:00:00 PM,101,1.683333
4/22/2023 6:00:00 PM,27,0.45
4/22/2023 7:00:00 PM,43,0.716667
4/22/2023 8:00:00 PM,70,1.166667
4/22/2023 9:00:00 PM,24,0.4
4/22/2023 10:00:00 PM,51,0.85
4/22/2023 11:00:00 PM,70,1.166667
4/23/2023 12:00:00 AM,65,1.083333
4/23/2023 1:00:00 AM,55,0.916667
4/23/2023 2:00:00 AM,3,0.05
4/23/2023 3:00:00 AM,1,0.016667
4/23/2023 4:00:00 AM,3,0.05
4/23/2023 5:00:00 AM,9,0.15
4/23/2023 6:00:00 AM,1,0.016667
4/23/2023 7:00:00 AM,1,0.016667
4/23/2023 8:00:00 AM,3,0.05
4/23/2023 9:00:00 AM,6,0.1
4/23/2023 10:00:00 AM,2,0.033333
4/23/2023 11:00:00 AM,4,0.066667
4/23/2023 12:00:00 PM,3,0.05
4/23/2023 1:00:00 PM,12,0.2
4/23/2023 2:00:00 PM,0,0
4/23/2023 3:00:00 PM,0,0
4/23/2023 4:00:00 PM,12,0.2
4/23/2023 5:00:00 PM,9,0.15
4/23/2023 6:00:00 PM,20,0.333333
4/23/2023 7:00:00 PM,49,0.816667
4/23/2023 8:00:00 PM,21,0.35
4/23/2023 9:00:00 PM,63,1.05
4/23/2023 10:00:00 PM,39,0.65
4/23/2023 11:00:00 PM,31,0.516667
4/24/2023 12:00:00 AM,30,0.5
4/24/2023 1:00:00 AM,35,0.583333
4/24/2023 2:00:00 AM,33,0.55
4/24/2023 3:00:00 AM,1,0.016667
4/24/2023 4:00:00 AM,2,0.033333
4/24/2023 5:00:00 AM,13,0.216667
4/24/2023 6:00:00 AM,18,0.3
4/24/2023 7:00:00 AM,2,0.033333
4/24/2023 8:00:00 AM,2,0.033333
4/24/2023 9:00:00 AM,68,1.133333
4/24/2023 10:00:00 AM,27,0.45
4/24/2023 11:00:00 AM,2,0.033333
4/24/2023 12:00:00 PM,23,0.383333
4/24/2023 1:00:00 PM,12,0.2
4/24/2023 2:00:00 PM,8,0.133333
4/24/2023 3:00:00 PM,19,0.316667
4/24/2023 4:00:00 PM,48,0.8
4/24/2023 5:00:00 PM,1,0.016667
4/24/2023 6:00:00 PM,1,0.016667
4/24/2023 7:00:00 PM,36,0.6
4/24/2023 8:00:00 PM,21,0.35
4/24/2023 9:00:00 PM,2,0.033333
4/24/2023 10:00:00 PM,25,0.416667
4/24/2023 11:00:00 PM,12,0.2
4/25/2023 12:00:00 AM,14,0.233333
4/25/2023 1:00:00 AM,25,0.416667
4/25/2023 2:00:00 AM,1,0.016667
4/25/2023 3:00:00 AM,2,0.033333
4/25/2023 4:00:00 AM,1,0.016667
4/25/2023 5:00:00 AM,15,0.25
4/25/2023 6:00:00 AM,4,0.066667
4/25/2023 7:00:00 AM,16,0.266667
4/25/2023 8:00:00 AM,16,0.266667
4/25/2023 9:00:00 AM,2,0.033333
4/25/2023 10:00:00 AM,2,0.033333
4/25/2023 11:00:00 AM,0,0
4/25/2023 12:00:00 PM,2,0.033333
4/25/2023 1:00:00 PM,9,0.15
4/25/2023 2:00:00 PM,32,0.533333
4/25/2023 3:00:00 PM,1,0.016667
4/25/2023 4:00:00 PM,12,0.2
4/25/2023 5:00:00 PM,9,0.15
4/25/2023 6:00:00 PM,23,0.383333
4/25/2023 7:00:00 PM,59,0.983333
4/25/2023 8:00:00 PM,26,0.433333
4/25/2023 9:00:00 PM,8,0.133333
4/25/2023 10:00:00 PM,26,0.433333
4/25/2023 11:00:00 PM,26,0.433333
4/26/2023 12:00:00 AM,64,1.066667
4/26/2023 1:00:00 AM,9,0.15
4/26/2023 2:00:00 AM,0,0
4/26/2023 3:00:00 AM,0,0
4/26/2023 4:00:00 AM,2,0.033333
4/26/2023 5:00:00 AM,6,0.1
4/26/2023 6:00:00 AM,1,0.016667
4/26/2023 7:00:00 AM,52,0.866667
4/26/2023 8:00:00 AM,15,0.25
4/26/2023 9:00:00 AM,2,0.033333
4/26/2023 10:00:00 AM,3,0.05
4/26/2023 11:00:00 AM,16,0.266667
4/26/2023 12:00:00 PM,4,0.066667
4/26/2023 1:00:00 PM,3,0.05
4/26/2023 2:00:00 PM,35,0.583333
4/26/2023 3:00:00 PM,47,0.783333
4/26/2023 4:00:00 PM,18,0.3
4/26/2023 5:00:00 PM,12,0.2
4/26/2023 6:00:00 PM,18,0.3
4/26/2023 7:00:00 PM,8,0.133333
4/26/2023 8:00:00 PM,19,0.316667
4/26/2023 9:00:00 PM,7,0.116667
4/26/2023 10:00:00 PM,12,0.2
4/26/2023 11:00:00 PM,45,0.75
4/27/2023 12:00:00 AM,12,0.2
4/27/2023 1:00:00 AM,27,0.45
4/27/2023 2:00:00 AM,0,0
4/27/2023 3:00:00 AM,0,0
4/27/2023 4:00:00 AM,4,0.066667
4/27/2023 5:00:00 AM,11,0.183333
4/27/2023 6:00:00 AM,16,0.266667
4/27/2023 7:00:00 AM,0,0
4/27/2023 8:00:00 AM,0,0
4/27/2023 9:00:00 AM,21,0.35
4/27/2023 10:00:00 AM,9,0.15
4/27/2023 11:00:00 AM,3,0.05
4/27/2023 12:00:00 PM,51,0.85
4/27/2023 1:00:00 PM,7,0.116667
4/27/2023 2:00:00 PM,1,0.016667
4/27/2023 3:00:00 PM,4,0.066667
4/27/2023 4:00:00 PM,23,0.383333
4/27/2023 5:00:00 PM,59,0.983333
4/27/2023 6:00:00 PM,56,0.933333
4/27/2023 7:00:00 PM,65,1.083333
4/27/2023 8:00:00 PM,7,0.116667
4/27/2023 9:00:00 PM,2,0.033333
4/27/2023 10:00:00 PM,18,0.3
4/27/2023 11:00:00 PM,70,1.166667
4/28/2023 12:00:00 AM,102,1.7
4/28/2023 1:00:00 AM,16,0.266667
4/28/2023 2:00:00 AM,1,0.016667
4/28/2023 3:00:00 AM,0,0
4/28/2023 4:00:00 AM,0,0
4/28/2023 5:00:00 AM,3,0.05
4/28/2023 6:00:00 AM,4,0.066667
4/28/2023 7:00:00 AM,29,0.483333
4/28/2023 8:00:00 AM,38,0.633333
4/28/2023 9:00:00 AM,2,0.033333
4/28/2023 10:00:00 AM,8,0.133333
4/28/2023 11:00:00 AM,2,0.033333
4/28/2023 12:00:00 PM,29,0.483333
4/28/2023 1:00:00 PM,64,1.066667
4/28/2023 2:00:00 PM,38,0.633333
4/28/2023 3:00:00 PM,32,0.533333
4/28/2023 4:00:00 PM,2,0.033333
4/28/2023 5:00:00 PM,3,0.05
4/28/2023 6:00:00 PM,80,1.333333
4/28/2023 7:00:00 PM,106,1.766667
4/28/2023 8:00:00 PM,13,0.216667
4/28/2023 9:00:00 PM,21,0.35
4/28/2023 10:00:00 PM,14,0.233333
4/28/2023 11:00:00 PM,9,0.15
4/29/2023 12:00:00 AM,61,1.016667
4/29/2023 1:00:00 AM,93,1.55
4/29/2023 2:00:00 AM,4,0.066667
4/29/2023 3:00:00 AM,1,0.016667
4/29/2023 4:00:00 AM,2,0.033333
4/29/2023 5:00:00 AM,1,0.016667
4/29/2023 6:00:00 AM,2,0.033333
4/29/2023 7:00:00 AM,2,0.033333
4/29/2023 8:00:00 AM,0,0
4/29/2023 9:00:00 AM,0,0
4/29/2023 10:00:00 AM,38,0.633333
4/29/2023 11:00:00 AM,8,0.133333
4/29/2023 12:00:00 PM,52,0.866667
4/29/2023 1:00:00 PM,2,0.033333
4/29/2023 2:00:00 PM,6,0.1
4/29/2023 3:00:00 PM,6,0.1
4/29/2023 4:00:00 PM,9,0.15
4/29/2023 5:00:00 PM,5,0.083333
4/29/2023 6:00:00 PM,59,0.983333
4/29/2023 7:00:00 PM,94,1.566667
4/29/2023 8:00:00 PM,17,0.283333
4/29/2023 9:00:00 PM,10,0.166667
4/29/2023 10:00:00 PM,24,0.4
4/29/2023 11:00:00 PM,13,0.216667
4/30/2023 12:00:00 AM,68,1.133333
4/30/2023 1:00:00 AM,72,1.2
4/30/2023 2:00:00 AM,25,0.416667
4/30/2023 3:00:00 AM,5,0.083333
4/30/2023 4:00:00 AM,1,0.016667
4/30/2023 5:00:00 AM,2,0.033333
4/30/2023 6:00:00 AM,19,0.316667
4/30/2023 7:00:00 AM,4,0.066667
4/30/2023 8:00:00 AM,1,0.016667
4/30/2023 9:00:00 AM,0,0
4/30/2023 10:00:00 AM,4,0.066667
4/30/2023 11:00:00 AM,6,0.1
4/30/2023 12:00:00 PM,60,1
4/30/2023 1:00:00 PM,26,0.433333
4/30/2023 2:00:00 PM,12,0.2
4/30/2023 3:00:00 PM,2,0.033333
4/30/2023 4:00:00 PM,9,0.15
4/30/2023 5:00:00 PM,57,0.95
4/30/2023 6:00:00 PM,107,1.783333
4/30/2023 7:00:00 PM,52,0.866667
4/30/2023 8:00:00 PM,94,1.566667
4/30/2023 9:00:00 PM,55,0.916667
4/30/2023 10:00:00 PM,87,1.45
4/30/2023 11:00:00 PM,78,1.3
5/1/2023 12:00:00 AM,54,0.9
5/1/2023 1:00:00 AM,48,0.8
5/1/2023 2:00:00 AM,11,0.183333
5/1/2023 3:00:00 AM,21,0.35
5/1/2023 4:00:00 AM,28,0.466667
5/1/2023 5:00:00 AM,0,0
5/1/2023 6:00:00 AM,2,0.033333
5/1/2023 7:00:00 AM,1,0.016667
5/1/2023 8:00:00 AM,5,0.083333
5/1/2023 9:00:00 AM,1,0.016667
5/1/2023 10:00:00 AM,1,0.016667
5/1/2023 11:00:00 AM,11,0.183333
5/1/2023 12:00:00 PM,21,0.35
5/1/2023 1:00:00 PM,21,0.35
5/1/2023 2:00:00 PM,50,0.833333
5/1/2023 3:00:00 PM,2,0.033333
5/1/2023 4:00:00 PM,16,0.266667
5/1/2023 5:00:00 PM,14,0.233333
5/1/2023 6:00:00 PM,5,0.083333
5/1/2023 7:00:00 PM,60,1
5/1/2023 8:00:00 PM,31,0.516667
5/1/2023 9:00:00 PM,59,0.983333
5/1/2023 10:00:00 PM,32,0.533333
5/1/2023 11:00:00 PM,47,0.783333
5/2/2023 12:00:00 AM,62,1.033333
5/2/2023 1:00:00 AM,16,0.266667
5/2/2023 2:00:00 AM,17,0.283333
5/2/2023 3:00:00 AM,2,0.033333
5/2/2023 4:00:00 AM,4,0.066667
5/2/2023 5:00:00 AM,43,0.716667
5/2/2023 6:00:00 AM,14,0.233333
5/2/2023 7:00:00 AM,30,0.5
5/2/2023 8:00:00 AM,32,0.533333
5/2/2023 9:00:00 AM,0,0
5/2/2023 10:00:00 AM,2,0.033333
5/2/2023 11:00:00 AM,2,0.033333
5/2/2023 12:00:00 PM,37,0.616667
5/2/2023 1:00:00 PM,16,0.266667
5/2/2023 2:00:00 PM,21,0.35
5/2/2023 3:00:00 PM,11,0.183333
5/2/2023 4:00:00 PM,10,0.166667
5/2/2023 5:00:00 PM,49,0.816667
5/2/2023 6:00:00 PM,73,1.216667
5/2/2023 7:00:00 PM,71,1.183333
5/2/2023 8:00:00 PM,97,1.616667
5/2/2023 9:00:00 PM,29,0.483333
5/2/2023 10:00:00 PM,29,0.483333
5/2/2023 11:00:00 PM,16,0.266667
5/3/2023 12:00:00 AM,42,0.7
5/3/2023 1:00:00 AM,61,1.016667
5/3/2023 2:00:00 AM,19,0.316667
5/3/2023 3:00:00 AM,0,0
5/3/2023 4:00:00 AM,0,0
5/3/2023 5:00:00 AM,15,0.25
5/3/2023 6:00:00 AM,1,0.016667
5/3/2023 7:00:00 AM,79,1.316667
5/3/2023 8:00:00 AM,31,0.516667
5/3/2023 9:00:00 AM,4,0.066667
5/3/2023 10:00:00 AM,1,0.016667
5/3/2023 11:00:00 AM,7,0.116667
5/3/2023 12:00:00 PM,15,0.25
5/3/2023 1:00:00 PM,11,0.183333
5/3/2023 2:00:00 PM,25,0.416667
5/3/2023 3:00:00 PM,2,0.033333
5/3/2023 4:00:00 PM,0,0
5/3/2023 5:00:00 PM,11,0.183333
5/3/2023 6:00:00 PM,74,1.233333
5/3/2023 7:00:00 PM,67,1.116667
5/3/2023 8:00:00 PM,54,0.9
5/3/2023 9:00:00 PM,64,1.066667
5/3/2023 10:00:00 PM,96,1.6
5/3/2023 11:00:00 PM,54,0.9
5/4/2023 12:00:00 AM,92,1.533333
5/4/2023 1:00:00 AM,21,0.35
5/4/2023 2:00:00 AM,6,0.1
5/4/2023 3:00:00 AM,0,0
5/4/2023 4:00:00 AM,8,0.133333
5/4/2023 5:00:00 AM,16,0.266667
5/4/2023 6:00:00 AM,12,0.2
5/4/2023 7:00:00 AM,84,1.4
5/4/2023 8:00:00 AM,14,0.233333
5/4/2023 9:00:00 AM,26,0.433333
5/4/2023 10:00:00 AM,53,0.883333
5/4/2023 11:00:00 AM,93,1.55
5/4/2023 12:00:00 PM,8,0.133333
5/4/2023 1:00:00 PM,33,0.55
5/4/2023 2:00:00 PM,5,0.083333
5/4/2023 3:00:00 PM,24,0.4
5/4/2023 4:00:00 PM,7,0.116667
5/4/2023 5:00:00 PM,19,0.316667
5/4/2023 6:00:00 PM,57,0.95
5/4/2023 7:00:00 PM,67,1.116667
5/4/2023 8:00:00 PM,139,2.316667
5/4/2023 9:00:00 PM,42,0.7
5/4/2023 10:00:00 PM,15,0.25
5/4/2023 11:00:00 PM,24,0.4
5/5/2023 12:00:00 AM,101,1.683333
5/5/2023 1:00:00 AM,46,0.766667
5/5/2023 2:00:00 AM,7,0.116667
5/5/2023 3:00:00 AM,4,0.066667
5/5/2023 4:00:00 AM,1,0.016667
5/5/2023 5:00:00 AM,15,0.25
5/5/2023 6:00:00 AM,23,0.383333
5/5/2023 7:00:00 AM,38,0.633333
5/5/2023 8:00:00 AM,14,0.233333
5/5/2023 9:00:00 AM,1,0.016667
5/5/2023 10:00:00 AM,8,0.133333
5/5/2023 11:00:00 AM,13,0.216667
5/5/2023 12:00:00 PM,15,0.25
5/5/2023 1:00:00 PM,10,0.166667
5/5/2023 2:00:00 PM,12,0.2
5/5/2023 3:00:00 PM,8,0.133333
5/5/2023 4:00:00 PM,17,0.283333
5/5/2023 5:00:00 PM,15,0.25
5/5/2023 6:00:00 PM,18,0.3
5/5/2023 7:00:00 PM,117,1.95
5/5/2023 8:00:00 PM,30,0.5
5/5/2023 9:00:00 PM,63,1.05
5/5/2023 10:00:00 PM,13,0.216667
5/5/2023 11:00:00 PM,37,0.616667
5/6/2023 12:00:00 AM,62,1.033333
5/6/2023 1:00:00 AM,92,1.533333
5/6/2023 2:00:00 AM,50,0.833333
5/6/2023 3:00:00 AM,15,0.25
5/6/2023 4:00:00 AM,0,0
5/6/2023 5:00:00 AM,1,0.016667
5/6/2023 6:00:00 AM,1,0.016667
5/6/2023 7:00:00 AM,6,0.1
5/6/2023 8:00:00 AM,0,0
5/6/2023 9:00:00 AM,40,0.666667
5/6/2023 10:00:00 AM,25,0.416667
5/6/2023 11:00:00 AM,2,0.033333
5/6/2023 12:00:00 PM,2,0.033333
5/6/2023 1:00:00 PM,18,0.3
5/6/2023 2:00:00 PM,61,1.016667
5/6/2023 3:00:00 PM,33,0.55
5/6/2023 4:00:00 PM,90,1.5
5/6/2023 5:00:00 PM,19,0.316667
5/6/2023 6:00:00 PM,74,1.233333
5/6/2023 7:00:00 PM,80,1.333333
5/6/2023 8:00:00 PM,46,0.766667
5/6/2023 9:00:00 PM,50,0.833333
5/6/2023 10:00:00 PM,24,0.4
5/6/2023 11:00:00 PM,9,0.15
5/7/2023 12:00:00 AM,59,0.983333
5/7/2023 1:00:00 AM,60,1
5/7/2023 2:00:00 AM,41,0.683333
5/7/2023 3:00:00 AM,44,0.733333
5/7/2023 4:00:00 AM,2,0.033333
5/7/2023 5:00:00 AM,0,0
5/7/2023 6:00:00 AM,0,0
5/7/2023 7:00:00 AM,4,0.066667
5/7/2023 8:00:00 AM,5,0.083333
5/7/2023 9:00:00 AM,7,0.116667
5/7/2023 10:00:00 AM,1,0.016667
5/7/2023 11:00:00 AM,2,0.033333
5/7/2023 12:00:00 PM,9,0.15
5/7/2023 1:00:00 PM,0,0
5/7/2023 2:00:00 PM,0,0
5/7/2023 3:00:00 PM,3,0.05
5/7/2023 4:00:00 PM,11,0.183333
5/7/2023 5:00:00 PM,9,0.15
5/7/2023 6:00:00 PM,33,0.55
5/7/2023 7:00:00 PM,22,0.366667
5/7/2023 8:00:00 PM,96,1.6
5/7/2023 9:00:00 PM,15,0.25
5/7/2023 10:00:00 PM,60,1
5/7/2023 11:00:00 PM,24,0.4
5/8/2023 12:00:00 AM,70,1.166667
5/8/2023 1:00:00 AM,6,0.1
5/8/2023 2:00:00 AM,1,0.016667
5/8/2023 3:00:00 AM,0,0
5/8/2023 4:00:00 AM,1,0.016667
5/8/2023 5:00:00 AM,40,0.666667
5/8/2023 6:00:00 AM,5,0.083333
5/8/2023 7:00:00 AM,2,0.033333
5/8/2023 8:00:00 AM,0,0
5/8/2023 9:00:00 AM,36,0.6
5/8/2023 10:00:00 AM,15,0.25
5/8/2023 11:00:00 AM,54,0.9
5/8/2023 12:00:00 PM,41,0.683333
5/8/2023 1:00:00 PM,5,0.083333
5/8/2023 2:00:00 PM,166,2.766667
5/8/2023 3:00:00 PM,64,1.066667
5/8/2023 4:00:00 PM,22,0.366667
5/8/2023 5:00:00 PM,5,0.083333
5/8/2023 6:00:00 PM,8,0.133333
5/8/2023 7:00:00 PM,101,1.683333
5/8/2023 8:00:00 PM,45,0.75
5/8/2023 9:00:00 PM,41,0.683333
5/8/2023 10:00:00 PM,36,0.6
5/8/2023 11:00:00 PM,53,0.883333
5/9/2023 12:00:00 AM,63,1.05
5/9/2023 1:00:00 AM,76,1.266667
5/9/2023 2:00:00 AM,0,0
5/9/2023 3:00:00 AM,0,0
5/9/2023 4:00:00 AM,0,0
5/9/2023 5:00:00 AM,0,0
5/9/2023 6:00:00 AM,0,0
5/9/2023 7:00:00 AM,49,0.816667
5/9/2023 8:00:00 AM,8,0.133333
5/9/2023 9:00:00 AM,1,0.016667
5/9/2023 10:00:00 AM,1,0.016667
5/9/2023 11:00:00 AM,2,0.033333
5/9/2023 12:00:00 PM,17,0.283333
5/9/2023 1:00:00 PM,26,0.433333
5/9/2023 2:00:00 PM,58,0.966667
5/9/2023 3:00:00 PM,46,0.766667
5/9/2023 4:00:00 PM,30,0.5
5/9/2023 5:00:00 PM,75,1.25
5/9/2023 6:00:00 PM,5,0.083333
5/9/2023 7:00:00 PM,8,0.133333
5/9/2023 8:00:00 PM,39,0.65
5/9/2023 9:00:00 PM,3,0.05
5/9/2023 10:00:00 PM,12,0.2
5/9/2023 11:00:00 PM,37,0.616667
5/10/2023 12:00:00 AM,46,0.766667
5/10/2023 1:00:00 AM,85,1.416667
5/10/2023 2:00:00 AM,11,0.183333
5/10/2023 3:00:00 AM,0,0
5/10/2023 4:00:00 AM,0,0
5/10/2023 5:00:00 AM,0,0
5/10/2023 6:00:00 AM,0,0
5/10/2023 7:00:00 AM,19,0.316667
5/10/2023 8:00:00 AM,23,0.383333
5/10/2023 9:00:00 AM,1,0.016667
5/10/2023 10:00:00 AM,110,1.833333
5/10/2023 11:00:00 AM,71,1.183333
5/10/2023 12:00:00 PM,13,0.216667
5/10/2023 1:00:00 PM,54,0.9
5/10/2023 2:00:00 PM,10,0.166667
5/10/2023 3:00:00 PM,40,0.666667
5/10/2023 4:00:00 PM,3,0.05
5/10/2023 5:00:00 PM,12,0.2
5/10/2023 6:00:00 PM,7,0.116667
5/10/2023 7:00:00 PM,32,0.533333
5/10/2023 8:00:00 PM,95,1.583333
5/10/2023 9:00:00 PM,29,0.483333
5/10/2023 10:00:00 PM,28,0.466667
5/10/2023 11:00:00 PM,40,0.666667
5/11/2023 12:00:00 AM,18,0.3
5/11/2023 1:00:00 AM,42,0.7
5/11/2023 2:00:00 AM,10,0.166667
5/11/2023 3:00:00 AM,1,0.016667
5/11/2023 4:00:00 AM,1,0.016667
5/11/2023 5:00:00 AM,7,0.116667
5/11/2023 6:00:00 AM,5,0.083333
5/11/2023 7:00:00 AM,16,0.266667
5/11/2023 8:00:00 AM,64,1.066667
5/11/2023 9:00:00 AM,28,0.466667
5/11/2023 10:00:00 AM,59,0.983333
5/11/2023 11:00:00 AM,28,0.466667
5/11/2023 12:00:00 PM,68,1.133333
5/11/2023 1:00:00 PM,138,2.3
5/11/2023 2:00:00 PM,14,0.233333
5/11/2023 3:00:00 PM,46,0.766667
5/11/2023 4:00:00 PM,45,0.75
5/11/2023 5:00:00 PM,36,0.6
5/11/2023 6:00:00 PM,71,1.183333
5/11/2023 7:00:00 PM,68,1.133333
5/11/2023 8:00:00 PM,22,0.366667
5/11/2023 9:00:00 PM,2,0.033333
5/11/2023 10:00:00 PM,17,0.283333
5/11/2023 11:00:00 PM,19,0.316667
5/12/2023 12:00:00 AM,53,0.883333
5/12/2023 1:00:00 AM,40,0.666667
5/12/2023 2:00:00 AM,1,0.016667
5/12/2023 3:00:00 AM,4,0.066667
5/12/2023 4:00:00 AM,1,0.016667
5/12/2023 5:00:00 AM,17,0.283333
5/12/2023 6:00:00 AM,0,0
5/12/2023 7:00:00 AM,0,0
5/12/2023 8:00:00 AM,0,0
5/12/2023 9:00:00 AM,71,1.183333
5/12/2023 10:00:00 AM,19,0.316667
5/12/2023 11:00:00 AM,7,0.116667
5/12/2023 12:00:00 PM,28,0.466667
5/12/2023 1:00:00 PM,13,0.216667
5/12/2023 2:00:00 PM,77,1.283333
5/12/2023 3:00:00 PM,15,0.25
5/12/2023 4:00:00 PM,2,0.033333
5/12/2023 5:00:00 PM,3,0.05
5/12/2023 6:00:00 PM,32,0.533333
5/12/2023 7:00:00 PM,80,1.333333
5/12/2023 8:00:00 PM,25,0.416667
5/12/2023 9:00:00 PM,46,0.766667
5/12/2023 10:00:00 PM,41,0.683333
5/12/2023 11:00:00 PM,62,1.033333
5/13/2023 12:00:00 AM,32,0.533333
5/13/2023 1:00:00 AM,64,1.066667
5/13/2023 2:00:00 AM,19,0.316667
5/13/2023 3:00:00 AM,0,0
5/13/2023 4:00:00 AM,0,0
5/13/2023 5:00:00 AM,0,0
5/13/2023 6:00:00 AM,35,0.583333
5/13/2023 7:00:00 AM,107,1.783333
5/13/2023 8:00:00 AM,37,0.616667
5/13/2023 9:00:00 AM,61,1.016667
5/13/2023 10:00:00 AM,24,0.4
5/13/2023 11:00:00 AM,2,0.033333
5/13/2023 12:00:00 PM,7,0.116667
5/13/2023 1:00:00 PM,16,0.266667
5/13/2023 2:00:00 PM,60,1
5/13/2023 3:00:00 PM,13,0.216667
5/13/2023 4:00:00 PM,0,0
5/13/2023 5:00:00 PM,2,0.033333
5/13/2023 6:00:00 PM,66,1.1
5/13/2023 7:00:00 PM,19,0.316667
5/13/2023 8:00:00 PM,72,1.2
5/13/2023 9:00:00 PM,46,0.766667
5/13/2023 10:00:00 PM,13,0.216667
5/13/2023 11:00:00 PM,14,0.233333
5/14/2023 12:00:00 AM,49,0.816667
5/14/2023 1:00:00 AM,29,0.483333
5/14/2023 2:00:00 AM,28,0.466667
5/14/2023 3:00:00 AM,38,0.633333
5/14/2023 4:00:00 AM,6,0.1
5/14/2023 5:00:00 AM,2,0.033333
5/14/2023 6:00:00 AM,0,0
5/14/2023 7:00:00 AM,11,0.183333
5/14/2023 8:00:00 AM,1,0.016667
5/14/2023 9:00:00 AM,0,0
5/14/2023 10:00:00 AM,3,0.05
5/14/2023 11:00:00 AM,7,0.116667
5/14/2023 12:00:00 PM,24,0.4
5/14/2023 1:00:00 PM,7,0.116667
5/14/2023 2:00:00 PM,81,1.35
5/14/2023 3:00:00 PM,51,0.85
5/14/2023 4:00:00 PM,32,0.533333
5/14/2023 5:00:00 PM,86,1.433333
5/14/2023 6:00:00 PM,62,1.033333
5/14/2023 7:00:00 PM,65,1.083333
5/14/2023 8:00:00 PM,80,1.333333
5/14/2023 9:00:00 PM,45,0.75
5/14/2023 10:00:00 PM,14,0.233333
5/14/2023 11:00:00 PM,41,0.683333
5/15/2023 12:00:00 AM,121,2.016667
5/15/2023 1:00:00 AM,130,2.166667
5/15/2023 2:00:00 AM,25,0.416667
5/15/2023 3:00:00 AM,4,0.066667
5/15/2023 4:00:00 AM,0,0
5/15/2023 5:00:00 AM,8,0.133333
5/15/2023 6:00:00 AM,1,0.016667
5/15/2023 7:00:00 AM,0,0
5/15/2023 8:00:00 AM,1,0.016667
5/15/2023 9:00:00 AM,18,0.3
5/15/2023 10:00:00 AM,23,0.383333
5/15/2023 11:00:00 AM,14,0.233333
5/15/2023 12:00:00 PM,21,0.35
5/15/2023 1:00:00 PM,10,0.166667
5/15/2023 2:00:00 PM,82,1.366667
5/15/2023 3:00:00 PM,6,0.1
5/15/2023 4:00:00 PM,6,0.1
5/15/2023 5:00:00 PM,3,0.05
5/15/2023 6:00:00 PM,17,0.283333
5/15/2023 7:00:00 PM,95,1.583333
5/15/2023 8:00:00 PM,31,0.516667
5/15/2023 9:00:00 PM,12,0.2
5/15/2023 10:00:00 PM,39,0.65
5/15/2023 11:00:00 PM,41,0.683333
5/16/2023 12:00:00 AM,36,0.6
5/16/2023 1:00:00 AM,5,0.083333
5/16/2023 2:00:00 AM,0,0
5/16/2023 3:00:00 AM,4,0.066667
5/16/2023 4:00:00 AM,8,0.133333
5/16/2023 5:00:00 AM,1,0.016667
5/16/2023 6:00:00 AM,0,0
5/16/2023 7:00:00 AM,5,0.083333
5/16/2023 8:00:00 AM,6,0.1
5/16/2023 9:00:00 AM,9,0.15
5/16/2023 10:00:00 AM,4,0.066667
5/16/2023 11:00:00 AM,22,0.366667
5/16/2023 12:00:00 PM,8,0.133333
5/16/2023 1:00:00 PM,5,0.083333
5/16/2023 2:00:00 PM,16,0.266667
5/16/2023 3:00:00 PM,14,0.233333
5/16/2023 4:00:00 PM,2,0.033333
5/16/2023 5:00:00 PM,5,0.083333
5/16/2023 6:00:00 PM,26,0.433333
5/16/2023 7:00:00 PM,44,0.733333
5/16/2023 8:00:00 PM,79,1.316667
5/16/2023 9:00:00 PM,28,0.466667
5/16/2023 10:00:00 PM,19,0.316667
5/16/2023 11:00:00 PM,49,0.816667
5/17/2023 12:00:00 AM,66,1.1
5/17/2023 1:00:00 AM,1,0.016667
5/17/2023 2:00:00 AM,3,0.05
5/17/2023 3:00:00 AM,1,0.016667
5/17/2023 4:00:00 AM,1,0.016667
5/17/2023 5:00:00 AM,7,0.116667
5/17/2023 6:00:00 AM,29,0.483333
5/17/2023 7:00:00 AM,47,0.783333
5/17/2023 8:00:00 AM,30,0.5
5/17/2023 9:00:00 AM,2,0.033333
5/17/2023 10:00:00 AM,47,0.783333
5/17/2023 11:00:00 AM,67,1.116667
5/17/2023 12:00:00 PM,119,1.983333
5/17/2023 1:00:00 PM,106,1.766667
5/17/2023 2:00:00 PM,148,2.466667
5/17/2023 3:00:00 PM,135,2.25
5/17/2023 4:00:00 PM,70,1.166667
5/17/2023 5:00:00 PM,123,2.05
5/17/2023 6:00:00 PM,128,2.133333
5/17/2023 7:00:00 PM,30,0.5
5/17/2023 8:00:00 PM,86,1.433333
5/17/2023 9:00:00 PM,22,0.366667
5/17/2023 10:00:00 PM,70,1.166667
5/17/2023 11:00:00 PM,1,0.016667
5/18/2023 12:00:00 AM,0,0
5/18/2023 1:00:00 AM,0,0
5/18/2023 2:00:00 AM,0,0
5/18/2023 3:00:00 AM,0,0
5/18/2023 4:00:00 AM,0,0
5/18/2023 5:00:00 AM,0,0
5/18/2023 6:00:00 AM,0,0
5/18/2023 7:00:00 AM,0,0
5/18/2023 8:00:00 AM,0,0
5/18/2023 9:00:00 AM,0,0
5/18/2023 10:00:00 AM,0,0
5/18/2023 11:00:00 AM,0,0
5/18/2023 12:00:00 PM,0,0
5/18/2023 1:00:00 PM,0,0
5/18/2023 2:00:00 PM,0,0
5/18/2023 3:00:00 PM,0,0
5/18/2023 4:00:00 PM,0,0
5/18/2023 5:00:00 PM,0,0
5/18/2023 6:00:00 PM,0,0
5/18/2023 7:00:00 PM,0,0
5/18/2023 8:00:00 PM,0,0
5/18/2023 9:00:00 PM,0,0
5/18/2023 10:00:00 PM,0,0
5/18/2023 11:00:00 PM,0,0
5/19/2023 12:00:00 AM,0,0
5/19/2023 1:00:00 AM,0,0
5/19/2023 2:00:00 AM,0,0
5/19/2023 3:00:00 AM,0,0
5/19/2023 4:00:00 AM,0,0
5/19/2023 5:00:00 AM,0,0
5/19/2023 6:00:00 AM,0,0
5/19/2023 7:00:00 AM,0,0
5/19/2023 8:00:00 AM,0,0
5/19/2023 9:00:00 AM,0,0
5/19/2023 10:00:00 AM,0,0
5/19/2023 11:00:00 AM,0,0
5/19/2023 12:00:00 PM,0,0
5/19/2023 1:00:00 PM,0,0
5/19/2023 2:00:00 PM,0,0
5/19/2023 3:00:00 PM,0,0
5/19/2023 4:00:00 PM,0,0
5/19/2023 5:00:00 PM,0,0
5/19/2023 6:00:00 PM,0,0
5/19/2023 7:00:00 PM,0,0
5/19/2023 8:00:00 PM,0,0
5/19/2023 9:00:00 PM,0,0
5/19/2023 10:00:00 PM,0,0
5/19/2023 11:00:00 PM,0,0
5/20/2023 12:00:00 AM,0,0
5/20/2023 1:00:00 AM,0,0
5/20/2023 2:00:00 AM,0,0
5/20/2023 3:00:00 AM,0,0
5/20/2023 4:00:00 AM,0,0
5/20/2023 5:00:00 AM,0,0
5/20/2023 6:00:00 AM,0,0
5/20/2023 7:00:00 AM,0,0
5/20/2023 8:00:00 AM,0,0
5/20/2023 9:00:00 AM,0,0
5/20/2023 10:00:00 AM,0,0
5/20/2023 11:00:00 AM,0,0
5/20/2023 12:00:00 PM,0,0
5/20/2023 1:00:00 PM,0,0
5/20/2023 2:00:00 PM,0,0
5/20/2023 3:00:00 PM,0,0
5/20/2023 4:00:00 PM,0,0
5/20/2023 5:00:00 PM,0,0
5/20/2023 6:00:00 PM,0,0
5/20/2023 7:00:00 PM,0,0
5/20/2023 8:00:00 PM,0,0
5/20/2023 9:00:00 PM,0,0
5/20/2023 10:00:00 PM,0,0
5/20/2023 11:00:00 PM,0,0
5/21/2023 12:00:00 AM,0,0
5/21/2023 1:00:00 AM,0,0
5/21/2023 2:00:00 AM,0,0
5/21/2023 3:00:00 AM,0,0
5/21/2023 4:00:00 AM,0,0
5/21/2023 5:00:00 AM,0,0
5/21/2023 6:00:00 AM,0,0
5/21/2023 7:00:00 AM,0,0
5/21/2023 8:00:00 AM,0,0
5/21/2023 9:00:00 AM,0,0
5/21/2023 10:00:00 AM,0,0
5/21/2023 11:00:00 AM,0,0
5/21/2023 12:00:00 PM,0,0
5/21/2023 1:00:00 PM,0,0
5/21/2023 2:00:00 PM,0,0
5/21/2023 3:00:00 PM,0,0
5/21/2023 4:00:00 PM,0,0
5/21/2023 5:00:00 PM,0,0
5/21/2023 6:00:00 PM,0,0
5/21/2023 7:00:00 PM,0,0
5/21/2023 8:00:00 PM,0,0
5/21/2023 9:00:00 PM,0,0
5/21/2023 10:00:00 PM,0,0
5/21/2023 11:00:00 PM,0,0
